{"v":"5.5.7","meta":{"g":"LottieFiles AE 0.1.20","a":"Mans Creative","k":"","d":"503 server error page","tc":"#FFFFFF"},"fr":60,"ip":0,"op":600,"w":1000,"h":300,"nm":"403_forbidden","ddd":0,"assets":[{"id":"comp_0","layers":[{"ddd":0,"ind":1,"ty":4,"nm":"hand","sr":1,"ks":{"o":{"a":0,"k":100,"ix":11},"r":{"a":1,"k":[{"i":{"x":[0.833],"y":[0.833]},"o":{"x":[0.167],"y":[0.167]},"t":0,"s":[0]},{"i":{"x":[0.833],"y":[0.833]},"o":{"x":[0.167],"y":[0.167]},"t":15,"s":[0]},{"i":{"x":[0.833],"y":[0.833]},"o":{"x":[0.167],"y":[0.167]},"t":30,"s":[-11]},{"i":{"x":[0.833],"y":[0.833]},"o":{"x":[0.167],"y":[0.167]},"t":45,"s":[9]},{"i":{"x":[0.833],"y":[0.833]},"o":{"x":[0.167],"y":[0.167]},"t":60,"s":[-11]},{"i":{"x":[0.833],"y":[0.833]},"o":{"x":[0.167],"y":[0.167]},"t":75,"s":[9]},{"i":{"x":[0.833],"y":[0.833]},"o":{"x":[0.167],"y":[0.167]},"t":90,"s":[-11]},{"i":{"x":[0.833],"y":[0.833]},"o":{"x":[0.167],"y":[0.167]},"t":105,"s":[9]},{"t":119,"s":[0]}],"ix":10},"p":{"a":0,"k":[467.875,142.5,0],"ix":2},"a":{"a":0,"k":[390.252,104.59,0],"ix":1},"s":{"a":0,"k":[117,117,100],"ix":6}},"ao":0,"shapes":[{"ty":"gr","it":[{"ind":0,"ty":"sh","ix":1,"ks":{"a":0,"k":{"i":[[-3.459,0],[0,0],[-0.636,2.797],[0,0],[1.1,0.635],[0.391,0],[0.426,-0.738],[0,0],[0,0],[0.724,1.023],[0.156,0.175],[0,0],[0.157,0.141],[0,0],[0.425,0.227],[0,0],[0.201,0.081],[0,0],[0.163,0.045],[0,0],[0.166,0.025],[0,0],[0.244,0],[0,0],[0,-3.459],[0,0]],"o":[[0,0],[2.983,0],[0,0],[0.634,-1.099],[-0.36,-0.208],[-0.798,0],[0,0],[0,0],[0,-1.343],[-0.135,-0.191],[0,0],[-0.142,-0.156],[0,0],[-0.361,-0.315],[0,0],[-0.19,-0.101],[0,0],[-0.156,-0.058],[0,0],[-0.162,-0.038],[0,0],[-0.237,-0.027],[0,0],[-3.459,0],[0,0],[0,3.459]],"v":[[-3.449,11.089],[-2.312,11.089],[3.816,6.185],[9.105,-2.975],[8.259,-6.127],[7.112,-6.434],[5.108,-5.282],[3.975,-3.32],[3.975,-4.799],[2.823,-8.41],[2.385,-8.959],[2.327,-9.023],[1.878,-9.469],[1.809,-9.532],[0.627,-10.352],[0.592,-10.368],[0.005,-10.638],[-0.18,-10.706],[-0.659,-10.859],[-0.883,-10.918],[-1.376,-11.01],[-1.591,-11.044],[-2.312,-11.089],[-3.449,-11.089],[-9.739,-4.799],[-9.739,4.801]],"c":true},"ix":2},"nm":"Path 1","mn":"ADBE Vector Shape - Group","hd":false},{"ty":"fl","c":{"a":0,"k":[0.026164524228,0.021755850549,0.023197772456,1],"ix":4},"o":{"a":0,"k":100,"ix":5},"r":1,"bm":0,"nm":"Fill 1","mn":"ADBE Vector Graphic - Fill","hd":false},{"ty":"tr","p":{"a":0,"k":[393.042,97.243],"ix":2},"a":{"a":0,"k":[0,0],"ix":1},"s":{"a":0,"k":[100,100],"ix":3},"r":{"a":0,"k":0,"ix":6},"o":{"a":0,"k":100,"ix":7},"sk":{"a":0,"k":0,"ix":4},"sa":{"a":0,"k":0,"ix":5},"nm":"Transform"}],"nm":"hand","np":2,"cix":2,"bm":0,"ix":1,"mn":"ADBE Vector Group","hd":false}],"ip":0,"op":120,"st":0,"bm":0}]},{"id":"comp_1","layers":[{"ddd":0,"ind":1,"ty":4,"nm":"tail","sr":1,"ks":{"o":{"a":0,"k":100,"ix":11},"r":{"a":1,"k":[{"i":{"x":[0.667],"y":[1]},"o":{"x":[0.333],"y":[0]},"t":0,"s":[0]},{"i":{"x":[0.667],"y":[1]},"o":{"x":[0.333],"y":[0]},"t":15,"s":[19]},{"i":{"x":[0.667],"y":[1]},"o":{"x":[0.333],"y":[0]},"t":30,"s":[-2]},{"i":{"x":[0.667],"y":[1]},"o":{"x":[0.333],"y":[0]},"t":45,"s":[19]},{"t":60,"s":[0]}],"ix":10},"p":{"a":0,"k":[182.5,243,0],"ix":2},"a":{"a":0,"k":[-317.5,93,0],"ix":1},"s":{"a":0,"k":[100,100,100],"ix":6}},"ao":0,"shapes":[{"ty":"gr","it":[{"ind":0,"ty":"sh","ix":1,"ks":{"a":0,"k":{"i":[[0,0],[6.406,4.013],[7.3,-2.5]],"o":[[2.916,-3.11],[-6.406,-4.013],[-7.3,2.5]],"v":[[-319.2,94.2],[-336.5,100.7],[-352.4,91.2]],"c":false},"ix":2},"nm":"Path 1","mn":"ADBE Vector Shape - Group","hd":false},{"ty":"st","c":{"a":0,"k":[0,0,0,1],"ix":3},"o":{"a":0,"k":100,"ix":4},"w":{"a":0,"k":4,"ix":5},"lc":1,"lj":1,"ml":4,"bm":0,"nm":"Stroke 1","mn":"ADBE Vector Graphic - Stroke","hd":false},{"ty":"tr","p":{"a":0,"k":[0,0],"ix":2},"a":{"a":0,"k":[0,0],"ix":1},"s":{"a":0,"k":[100,100],"ix":3},"r":{"a":0,"k":0,"ix":6},"o":{"a":0,"k":100,"ix":7},"sk":{"a":0,"k":0,"ix":4},"sa":{"a":0,"k":0,"ix":5},"nm":"Transform"}],"nm":"Shape 1","np":3,"cix":2,"bm":0,"ix":1,"mn":"ADBE Vector Group","hd":false}],"ip":0,"op":60,"st":0,"bm":0}]}],"layers":[{"ddd":0,"ind":1,"ty":4,"nm":"boom","sr":1,"ks":{"o":{"a":0,"k":100,"ix":11},"r":{"a":1,"k":[{"i":{"x":[0.833],"y":[0.833]},"o":{"x":[0.167],"y":[0.167]},"t":0,"s":[-65]},{"i":{"x":[0.833],"y":[0.833]},"o":{"x":[0.167],"y":[0.167]},"t":62.523,"s":[0]},{"i":{"x":[0.833],"y":[0.833]},"o":{"x":[0.167],"y":[0.167]},"t":74.471,"s":[-5]},{"i":{"x":[0.833],"y":[0.833]},"o":{"x":[0.167],"y":[0.167]},"t":86.42,"s":[0]},{"i":{"x":[0.833],"y":[0.833]},"o":{"x":[0.167],"y":[0.167]},"t":101.354,"s":[-3]},{"i":{"x":[0.833],"y":[0.833]},"o":{"x":[0.167],"y":[0.167]},"t":119.275,"s":[0]},{"i":{"x":[0.833],"y":[0.833]},"o":{"x":[0.167],"y":[0.167]},"t":134.209,"s":[-2]},{"i":{"x":[0.833],"y":[0.833]},"o":{"x":[0.167],"y":[0.167]},"t":152.131,"s":[0]},{"i":{"x":[0.833],"y":[0.833]},"o":{"x":[0.167],"y":[0.167]},"t":167.066,"s":[-1]},{"i":{"x":[0.833],"y":[0.833]},"o":{"x":[0.167],"y":[0.167]},"t":182,"s":[0]},{"i":{"x":[0.833],"y":[0.833]},"o":{"x":[0.167],"y":[0.167]},"t":498,"s":[0]},{"t":583,"s":[-78.608]}],"ix":10},"p":{"a":1,"k":[{"i":{"x":0.833,"y":0.833},"o":{"x":0.167,"y":0.167},"t":0,"s":[304,177.5,0],"to":[0,0,0],"ti":[0,0,0]},{"i":{"x":0.833,"y":0.833},"o":{"x":0.167,"y":0.167},"t":62.523,"s":[304,177.5,0],"to":[0,0,0],"ti":[0,0,0]},{"i":{"x":0.833,"y":0.833},"o":{"x":0.167,"y":0.167},"t":74.471,"s":[304,177.5,0],"to":[0,0,0],"ti":[0,0,0]},{"i":{"x":0.833,"y":0.833},"o":{"x":0.167,"y":0.167},"t":86.42,"s":[304,177.5,0],"to":[0,0,0],"ti":[0,0,0]},{"t":101.353515625,"s":[304,177.5,0]}],"ix":2},"a":{"a":0,"k":[250.188,134.504,0],"ix":1},"s":{"a":0,"k":[117,117,100],"ix":6}},"ao":0,"shapes":[{"ty":"gr","it":[{"ty":"gr","it":[{"ind":0,"ty":"sh","ix":1,"ks":{"a":0,"k":{"i":[[0.936,-1.333],[0,0],[-4.049,0],[0,0],[-0.936,1.333],[0,0],[4.049,0],[0,0]],"o":[[0,0],[-2.327,3.314],[0,0],[1.628,0],[0,0],[2.327,-3.313],[0,0],[-1.629,0]],"v":[[-1.405,-8.484],[-9.286,2.736],[-5.194,10.611],[-2.687,10.611],[1.404,8.484],[9.286,-2.738],[5.194,-10.611],[2.687,-10.611]],"c":true},"ix":2},"nm":"Path 1","mn":"ADBE Vector Shape - Group","hd":false},{"ty":"fl","c":{"a":0,"k":[0.619607843137,0.23137254902,0.113725490196,1],"ix":4},"o":{"a":0,"k":100,"ix":5},"r":1,"bm":0,"nm":"Fill 1","mn":"ADBE Vector Graphic - Fill","hd":false},{"ty":"tr","p":{"a":0,"k":[522.967,134.02],"ix":2},"a":{"a":0,"k":[0,0],"ix":1},"s":{"a":0,"k":[100,100],"ix":3},"r":{"a":0,"k":0,"ix":6},"o":{"a":0,"k":100,"ix":7},"sk":{"a":0,"k":0,"ix":4},"sa":{"a":0,"k":0,"ix":5},"nm":"Transform"}],"nm":"Group 5","np":2,"cix":2,"bm":0,"ix":1,"mn":"ADBE Vector Group","hd":false},{"ty":"gr","it":[{"ind":0,"ty":"sh","ix":1,"ks":{"a":0,"k":{"i":[[0.937,-1.333],[0,0],[-4.049,0],[0,0],[-0.937,1.333],[0,0],[4.049,0],[0,0]],"o":[[0,0],[-2.326,3.314],[0,0],[1.629,0],[0,0],[2.327,-3.313],[0,0],[-1.629,0]],"v":[[-1.405,-8.484],[-9.287,2.736],[-5.195,10.611],[-2.687,10.611],[1.405,8.484],[9.286,-2.738],[5.194,-10.611],[2.687,-10.611]],"c":true},"ix":2},"nm":"Path 1","mn":"ADBE Vector Shape - Group","hd":false},{"ty":"fl","c":{"a":0,"k":[0.619607843137,0.23137254902,0.113725490196,1],"ix":4},"o":{"a":0,"k":100,"ix":5},"r":1,"bm":0,"nm":"Fill 1","mn":"ADBE Vector Graphic - Fill","hd":false},{"ty":"tr","p":{"a":0,"k":[502.157,134.02],"ix":2},"a":{"a":0,"k":[0,0],"ix":1},"s":{"a":0,"k":[100,100],"ix":3},"r":{"a":0,"k":0,"ix":6},"o":{"a":0,"k":100,"ix":7},"sk":{"a":0,"k":0,"ix":4},"sa":{"a":0,"k":0,"ix":5},"nm":"Transform"}],"nm":"Group 6","np":2,"cix":2,"bm":0,"ix":2,"mn":"ADBE Vector Group","hd":false},{"ty":"gr","it":[{"ind":0,"ty":"sh","ix":1,"ks":{"a":0,"k":{"i":[[0.935,-1.333],[0,0],[-4.049,0],[0,0],[-0.935,1.333],[0,0],[4.049,0],[0,0]],"o":[[0,0],[-2.327,3.314],[0,0],[1.629,0],[0,0],[2.327,-3.313],[0,0],[-1.628,0]],"v":[[-1.404,-8.484],[-9.286,2.736],[-5.194,10.611],[-2.688,10.611],[1.404,8.484],[9.286,-2.738],[5.194,-10.611],[2.686,-10.611]],"c":true},"ix":2},"nm":"Path 1","mn":"ADBE Vector Shape - Group","hd":false},{"ty":"fl","c":{"a":0,"k":[0.619607843137,0.23137254902,0.113725490196,1],"ix":4},"o":{"a":0,"k":100,"ix":5},"r":1,"bm":0,"nm":"Fill 1","mn":"ADBE Vector Graphic - Fill","hd":false},{"ty":"tr","p":{"a":0,"k":[481.347,134.02],"ix":2},"a":{"a":0,"k":[0,0],"ix":1},"s":{"a":0,"k":[100,100],"ix":3},"r":{"a":0,"k":0,"ix":6},"o":{"a":0,"k":100,"ix":7},"sk":{"a":0,"k":0,"ix":4},"sa":{"a":0,"k":0,"ix":5},"nm":"Transform"}],"nm":"Group 7","np":2,"cix":2,"bm":0,"ix":3,"mn":"ADBE Vector Group","hd":false},{"ty":"gr","it":[{"ind":0,"ty":"sh","ix":1,"ks":{"a":0,"k":{"i":[[0.936,-1.333],[0,0],[-4.048,0],[0,0],[-0.937,1.333],[0,0],[4.049,0],[0,0]],"o":[[0,0],[-2.327,3.314],[0,0],[1.629,0],[0,0],[2.327,-3.313],[0,0],[-1.629,0]],"v":[[-1.404,-8.484],[-9.286,2.736],[-5.195,10.611],[-2.687,10.611],[1.405,8.484],[9.286,-2.738],[5.194,-10.611],[2.687,-10.611]],"c":true},"ix":2},"nm":"Path 1","mn":"ADBE Vector Shape - Group","hd":false},{"ty":"fl","c":{"a":0,"k":[0.619607843137,0.23137254902,0.113725490196,1],"ix":4},"o":{"a":0,"k":100,"ix":5},"r":1,"bm":0,"nm":"Fill 1","mn":"ADBE Vector Graphic - Fill","hd":false},{"ty":"tr","p":{"a":0,"k":[460.537,134.02],"ix":2},"a":{"a":0,"k":[0,0],"ix":1},"s":{"a":0,"k":[100,100],"ix":3},"r":{"a":0,"k":0,"ix":6},"o":{"a":0,"k":100,"ix":7},"sk":{"a":0,"k":0,"ix":4},"sa":{"a":0,"k":0,"ix":5},"nm":"Transform"}],"nm":"Group 8","np":2,"cix":2,"bm":0,"ix":4,"mn":"ADBE Vector Group","hd":false},{"ty":"gr","it":[{"ind":0,"ty":"sh","ix":1,"ks":{"a":0,"k":{"i":[[0.937,-1.333],[0,0],[-4.048,0],[0,0],[-0.936,1.333],[0,0],[4.048,0],[0,0]],"o":[[0,0],[-2.327,3.314],[0,0],[1.629,0],[0,0],[2.327,-3.313],[0,0],[-1.629,0]],"v":[[-1.405,-8.484],[-9.286,2.736],[-5.195,10.611],[-2.687,10.611],[1.405,8.484],[9.286,-2.738],[5.195,-10.611],[2.687,-10.611]],"c":true},"ix":2},"nm":"Path 1","mn":"ADBE Vector Shape - Group","hd":false},{"ty":"fl","c":{"a":0,"k":[0.619607843137,0.23137254902,0.113725490196,1],"ix":4},"o":{"a":0,"k":100,"ix":5},"r":1,"bm":0,"nm":"Fill 1","mn":"ADBE Vector Graphic - Fill","hd":false},{"ty":"tr","p":{"a":0,"k":[439.727,134.02],"ix":2},"a":{"a":0,"k":[0,0],"ix":1},"s":{"a":0,"k":[100,100],"ix":3},"r":{"a":0,"k":0,"ix":6},"o":{"a":0,"k":100,"ix":7},"sk":{"a":0,"k":0,"ix":4},"sa":{"a":0,"k":0,"ix":5},"nm":"Transform"}],"nm":"Group 9","np":2,"cix":2,"bm":0,"ix":5,"mn":"ADBE Vector Group","hd":false},{"ty":"gr","it":[{"ind":0,"ty":"sh","ix":1,"ks":{"a":0,"k":{"i":[[0.936,-1.333],[0,0],[-4.048,0],[0,0],[-0.937,1.333],[0,0],[4.048,0],[0,0]],"o":[[0,0],[-2.327,3.314],[0,0],[1.629,0],[0,0],[2.327,-3.313],[0,0],[-1.629,0]],"v":[[-1.405,-8.484],[-9.286,2.736],[-5.195,10.611],[-2.687,10.611],[1.405,8.484],[9.286,-2.738],[5.195,-10.611],[2.687,-10.611]],"c":true},"ix":2},"nm":"Path 1","mn":"ADBE Vector Shape - Group","hd":false},{"ty":"fl","c":{"a":0,"k":[0.619607843137,0.23137254902,0.113725490196,1],"ix":4},"o":{"a":0,"k":100,"ix":5},"r":1,"bm":0,"nm":"Fill 1","mn":"ADBE Vector Graphic - Fill","hd":false},{"ty":"tr","p":{"a":0,"k":[418.917,134.02],"ix":2},"a":{"a":0,"k":[0,0],"ix":1},"s":{"a":0,"k":[100,100],"ix":3},"r":{"a":0,"k":0,"ix":6},"o":{"a":0,"k":100,"ix":7},"sk":{"a":0,"k":0,"ix":4},"sa":{"a":0,"k":0,"ix":5},"nm":"Transform"}],"nm":"Group 10","np":2,"cix":2,"bm":0,"ix":6,"mn":"ADBE Vector Group","hd":false},{"ty":"gr","it":[{"ind":0,"ty":"sh","ix":1,"ks":{"a":0,"k":{"i":[[0.936,-1.333],[0,0],[-4.049,0],[0,0],[-0.936,1.333],[0,0],[4.049,0],[0,0]],"o":[[0,0],[-2.327,3.314],[0,0],[1.629,0],[0,0],[2.327,-3.313],[0,0],[-1.629,0]],"v":[[-1.405,-8.484],[-9.286,2.736],[-5.194,10.611],[-2.687,10.611],[1.404,8.484],[9.286,-2.738],[5.194,-10.611],[2.687,-10.611]],"c":true},"ix":2},"nm":"Path 1","mn":"ADBE Vector Shape - Group","hd":false},{"ty":"fl","c":{"a":0,"k":[0.619607843137,0.23137254902,0.113725490196,1],"ix":4},"o":{"a":0,"k":100,"ix":5},"r":1,"bm":0,"nm":"Fill 1","mn":"ADBE Vector Graphic - Fill","hd":false},{"ty":"tr","p":{"a":0,"k":[398.107,134.02],"ix":2},"a":{"a":0,"k":[0,0],"ix":1},"s":{"a":0,"k":[100,100],"ix":3},"r":{"a":0,"k":0,"ix":6},"o":{"a":0,"k":100,"ix":7},"sk":{"a":0,"k":0,"ix":4},"sa":{"a":0,"k":0,"ix":5},"nm":"Transform"}],"nm":"Group 11","np":2,"cix":2,"bm":0,"ix":7,"mn":"ADBE Vector Group","hd":false},{"ty":"gr","it":[{"ind":0,"ty":"sh","ix":1,"ks":{"a":0,"k":{"i":[[0.937,-1.333],[0,0],[-4.049,0],[0,0],[-0.937,1.333],[0,0],[4.049,0],[0,0]],"o":[[0,0],[-2.327,3.314],[0,0],[1.629,0],[0,0],[2.327,-3.313],[0,0],[-1.629,0]],"v":[[-1.405,-8.484],[-9.286,2.736],[-5.194,10.611],[-2.687,10.611],[1.405,8.484],[9.286,-2.738],[5.194,-10.611],[2.687,-10.611]],"c":true},"ix":2},"nm":"Path 1","mn":"ADBE Vector Shape - Group","hd":false},{"ty":"fl","c":{"a":0,"k":[0.619607843137,0.23137254902,0.113725490196,1],"ix":4},"o":{"a":0,"k":100,"ix":5},"r":1,"bm":0,"nm":"Fill 1","mn":"ADBE Vector Graphic - Fill","hd":false},{"ty":"tr","p":{"a":0,"k":[377.297,134.02],"ix":2},"a":{"a":0,"k":[0,0],"ix":1},"s":{"a":0,"k":[100,100],"ix":3},"r":{"a":0,"k":0,"ix":6},"o":{"a":0,"k":100,"ix":7},"sk":{"a":0,"k":0,"ix":4},"sa":{"a":0,"k":0,"ix":5},"nm":"Transform"}],"nm":"Group 12","np":2,"cix":2,"bm":0,"ix":8,"mn":"ADBE Vector Group","hd":false},{"ty":"gr","it":[{"ind":0,"ty":"sh","ix":1,"ks":{"a":0,"k":{"i":[[0.936,-1.333],[0,0],[-4.049,0],[0,0],[-0.936,1.333],[0,0],[4.049,0],[0,0]],"o":[[0,0],[-2.327,3.314],[0,0],[1.629,0],[0,0],[2.327,-3.313],[0,0],[-1.629,0]],"v":[[-1.404,-8.484],[-9.286,2.736],[-5.194,10.611],[-2.687,10.611],[1.405,8.484],[9.286,-2.738],[5.194,-10.611],[2.687,-10.611]],"c":true},"ix":2},"nm":"Path 1","mn":"ADBE Vector Shape - Group","hd":false},{"ty":"fl","c":{"a":0,"k":[0.619607843137,0.23137254902,0.113725490196,1],"ix":4},"o":{"a":0,"k":100,"ix":5},"r":1,"bm":0,"nm":"Fill 1","mn":"ADBE Vector Graphic - Fill","hd":false},{"ty":"tr","p":{"a":0,"k":[356.487,134.02],"ix":2},"a":{"a":0,"k":[0,0],"ix":1},"s":{"a":0,"k":[100,100],"ix":3},"r":{"a":0,"k":0,"ix":6},"o":{"a":0,"k":100,"ix":7},"sk":{"a":0,"k":0,"ix":4},"sa":{"a":0,"k":0,"ix":5},"nm":"Transform"}],"nm":"Group 13","np":2,"cix":2,"bm":0,"ix":9,"mn":"ADBE Vector Group","hd":false},{"ty":"gr","it":[{"ind":0,"ty":"sh","ix":1,"ks":{"a":0,"k":{"i":[[0.936,-1.333],[0,0],[-4.049,0],[0,0],[-0.936,1.333],[0,0],[4.048,0],[0,0]],"o":[[0,0],[-2.327,3.314],[0,0],[1.629,0],[0,0],[2.327,-3.313],[0,0],[-1.628,0]],"v":[[-1.404,-8.484],[-9.286,2.736],[-5.194,10.611],[-2.687,10.611],[1.405,8.484],[9.286,-2.738],[5.195,-10.611],[2.687,-10.611]],"c":true},"ix":2},"nm":"Path 1","mn":"ADBE Vector Shape - Group","hd":false},{"ty":"fl","c":{"a":0,"k":[0.619607843137,0.23137254902,0.113725490196,1],"ix":4},"o":{"a":0,"k":100,"ix":5},"r":1,"bm":0,"nm":"Fill 1","mn":"ADBE Vector Graphic - Fill","hd":false},{"ty":"tr","p":{"a":0,"k":[335.677,134.02],"ix":2},"a":{"a":0,"k":[0,0],"ix":1},"s":{"a":0,"k":[100,100],"ix":3},"r":{"a":0,"k":0,"ix":6},"o":{"a":0,"k":100,"ix":7},"sk":{"a":0,"k":0,"ix":4},"sa":{"a":0,"k":0,"ix":5},"nm":"Transform"}],"nm":"Group 14","np":2,"cix":2,"bm":0,"ix":10,"mn":"ADBE Vector Group","hd":false},{"ty":"gr","it":[{"ind":0,"ty":"sh","ix":1,"ks":{"a":0,"k":{"i":[[0.937,-1.333],[2.627,-3.74],[-4.049,0],[0,0],[0,2.761],[0,0],[2.762,0],[0,0]],"o":[[-2.627,3.74],[-2.327,3.314],[0,0],[2.762,0],[0,0],[0,-2.762],[0,0],[-1.629,0]],"v":[[-8.754,-8.484],[-16.635,2.736],[-12.543,10.611],[13.962,10.611],[18.962,5.611],[18.962,-5.611],[13.962,-10.611],[-4.662,-10.611]],"c":true},"ix":2},"nm":"Path 1","mn":"ADBE Vector Shape - Group","hd":false},{"ty":"fl","c":{"a":0,"k":[0.026164524228,0.021755850549,0.023197772456,1],"ix":4},"o":{"a":0,"k":100,"ix":5},"r":1,"bm":0,"nm":"Fill 1","mn":"ADBE Vector Graphic - Fill","hd":false},{"ty":"tr","p":{"a":0,"k":[553.84,134.02],"ix":2},"a":{"a":0,"k":[0,0],"ix":1},"s":{"a":0,"k":[100,100],"ix":3},"r":{"a":0,"k":0,"ix":6},"o":{"a":0,"k":100,"ix":7},"sk":{"a":0,"k":0,"ix":4},"sa":{"a":0,"k":0,"ix":5},"nm":"Transform"}],"nm":"Group 15","np":2,"cix":2,"bm":0,"ix":11,"mn":"ADBE Vector Group","hd":false},{"ty":"gr","it":[{"ind":0,"ty":"sh","ix":1,"ks":{"a":0,"k":{"i":[[0,-5.86],[0,0],[-5.86,0],[0,0],[-0.936,1.333],[-2.627,3.741],[4.048,0],[0,0]],"o":[[0,0],[0,5.86],[0,0],[1.629,0],[2.627,-3.741],[2.327,-3.313],[0,0],[-5.86,0]],"v":[[-41.63,-0.001],[-41.63,-0.001],[-31.019,10.611],[27.329,10.611],[31.421,8.484],[39.302,-2.738],[35.211,-10.611],[-31.019,-10.611]],"c":true},"ix":2},"nm":"Path 1","mn":"ADBE Vector Shape - Group","hd":false},{"ty":"fl","c":{"a":0,"k":[0.026164524228,0.021755850549,0.023197772456,1],"ix":4},"o":{"a":0,"k":100,"ix":5},"r":1,"bm":0,"nm":"Fill 1","mn":"ADBE Vector Graphic - Fill","hd":false},{"ty":"tr","p":{"a":0,"k":[284.94,134.02],"ix":2},"a":{"a":0,"k":[0,0],"ix":1},"s":{"a":0,"k":[100,100],"ix":3},"r":{"a":0,"k":0,"ix":6},"o":{"a":0,"k":100,"ix":7},"sk":{"a":0,"k":0,"ix":4},"sa":{"a":0,"k":0,"ix":5},"nm":"Transform"}],"nm":"Group 16","np":2,"cix":2,"bm":0,"ix":12,"mn":"ADBE Vector Group","hd":false},{"ty":"gr","it":[{"ind":0,"ty":"sh","ix":1,"ks":{"a":0,"k":{"i":[[5.356,0],[0,0],[0,8.898],[-8.897,0],[0,0],[0,-5.356],[0,0]],"o":[[0,0],[-8.897,0],[0,-8.897],[0,0],[5.356,0],[0,0],[0,5.357]],"v":[[166.215,16.111],[-159.804,16.111],[-175.914,-0.001],[-159.804,-16.111],[166.215,-16.111],[175.914,-6.413],[175.914,6.411]],"c":true},"ix":2},"nm":"Path 1","mn":"ADBE Vector Shape - Group","hd":false},{"ty":"fl","c":{"a":0,"k":[0.999999880323,0.999999820485,0.999999880323,1],"ix":4},"o":{"a":0,"k":100,"ix":5},"r":1,"bm":0,"nm":"Fill 1","mn":"ADBE Vector Graphic - Fill","hd":false},{"ty":"tr","p":{"a":0,"k":[406.597,134.02],"ix":2},"a":{"a":0,"k":[0,0],"ix":1},"s":{"a":0,"k":[100,100],"ix":3},"r":{"a":0,"k":0,"ix":6},"o":{"a":0,"k":100,"ix":7},"sk":{"a":0,"k":0,"ix":4},"sa":{"a":0,"k":0,"ix":5},"nm":"Transform"}],"nm":"Group 17","np":2,"cix":2,"bm":0,"ix":13,"mn":"ADBE Vector Group","hd":false},{"ty":"tr","p":{"a":0,"k":[406.597,134.02],"ix":2},"a":{"a":0,"k":[406.597,134.02],"ix":1},"s":{"a":0,"k":[100,100],"ix":3},"r":{"a":0,"k":0,"ix":6},"o":{"a":0,"k":100,"ix":7},"sk":{"a":0,"k":0,"ix":4},"sa":{"a":0,"k":0,"ix":5},"nm":"Transform"}],"nm":"boom","np":13,"cix":2,"bm":0,"ix":1,"mn":"ADBE Vector Group","hd":false}],"ip":0,"op":600,"st":0,"bm":0},{"ddd":0,"ind":2,"ty":0,"nm":"hand","refId":"comp_0","sr":1,"ks":{"o":{"a":0,"k":100,"ix":11},"r":{"a":0,"k":0,"ix":10},"p":{"a":0,"k":[500,150,0],"ix":2},"a":{"a":0,"k":[500,150,0],"ix":1},"s":{"a":0,"k":[100,100,100],"ix":6}},"ao":0,"w":1000,"h":300,"ip":0,"op":120,"st":0,"bm":0},{"ddd":0,"ind":3,"ty":0,"nm":"hand","refId":"comp_0","sr":1,"ks":{"o":{"a":0,"k":100,"ix":11},"r":{"a":0,"k":0,"ix":10},"p":{"a":0,"k":[500,150,0],"ix":2},"a":{"a":0,"k":[500,150,0],"ix":1},"s":{"a":0,"k":[100,100,100],"ix":6}},"ao":0,"w":1000,"h":300,"ip":120,"op":240,"st":120,"bm":0},{"ddd":0,"ind":4,"ty":0,"nm":"hand","refId":"comp_0","sr":1,"ks":{"o":{"a":0,"k":100,"ix":11},"r":{"a":0,"k":0,"ix":10},"p":{"a":0,"k":[500,150,0],"ix":2},"a":{"a":0,"k":[500,150,0],"ix":1},"s":{"a":0,"k":[100,100,100],"ix":6}},"ao":0,"w":1000,"h":300,"ip":240,"op":360,"st":240,"bm":0},{"ddd":0,"ind":5,"ty":0,"nm":"hand","refId":"comp_0","sr":1,"ks":{"o":{"a":0,"k":100,"ix":11},"r":{"a":0,"k":0,"ix":10},"p":{"a":0,"k":[500,150,0],"ix":2},"a":{"a":0,"k":[500,150,0],"ix":1},"s":{"a":0,"k":[100,100,100],"ix":6}},"ao":0,"w":1000,"h":300,"ip":360,"op":480,"st":360,"bm":0},{"ddd":0,"ind":6,"ty":0,"nm":"hand","refId":"comp_0","sr":1,"ks":{"o":{"a":0,"k":100,"ix":11},"r":{"a":0,"k":0,"ix":10},"p":{"a":0,"k":[500,150,0],"ix":2},"a":{"a":0,"k":[500,150,0],"ix":1},"s":{"a":0,"k":[100,100,100],"ix":6}},"ao":0,"w":1000,"h":300,"ip":480,"op":600,"st":480,"bm":0},{"ddd":0,"ind":7,"ty":0,"nm":"tail","refId":"comp_1","sr":1,"ks":{"o":{"a":0,"k":100,"ix":11},"r":{"a":0,"k":0,"ix":10},"p":{"a":0,"k":[500,150,0],"ix":2},"a":{"a":0,"k":[500,150,0],"ix":1},"s":{"a":0,"k":[100,100,100],"ix":6}},"ao":0,"w":1000,"h":300,"ip":0,"op":60,"st":0,"bm":0},{"ddd":0,"ind":8,"ty":0,"nm":"tail","refId":"comp_1","sr":1,"ks":{"o":{"a":0,"k":100,"ix":11},"r":{"a":0,"k":0,"ix":10},"p":{"a":0,"k":[500,150,0],"ix":2},"a":{"a":0,"k":[500,150,0],"ix":1},"s":{"a":0,"k":[100,100,100],"ix":6}},"ao":0,"w":1000,"h":300,"ip":60,"op":120,"st":60,"bm":0},{"ddd":0,"ind":9,"ty":0,"nm":"tail","refId":"comp_1","sr":1,"ks":{"o":{"a":0,"k":100,"ix":11},"r":{"a":0,"k":0,"ix":10},"p":{"a":0,"k":[500,150,0],"ix":2},"a":{"a":0,"k":[500,150,0],"ix":1},"s":{"a":0,"k":[100,100,100],"ix":6}},"ao":0,"w":1000,"h":300,"ip":120,"op":180,"st":120,"bm":0},{"ddd":0,"ind":10,"ty":0,"nm":"tail","refId":"comp_1","sr":1,"ks":{"o":{"a":0,"k":100,"ix":11},"r":{"a":0,"k":0,"ix":10},"p":{"a":0,"k":[500,150,0],"ix":2},"a":{"a":0,"k":[500,150,0],"ix":1},"s":{"a":0,"k":[100,100,100],"ix":6}},"ao":0,"w":1000,"h":300,"ip":180,"op":240,"st":180,"bm":0},{"ddd":0,"ind":11,"ty":0,"nm":"tail","refId":"comp_1","sr":1,"ks":{"o":{"a":0,"k":100,"ix":11},"r":{"a":0,"k":0,"ix":10},"p":{"a":0,"k":[500,150,0],"ix":2},"a":{"a":0,"k":[500,150,0],"ix":1},"s":{"a":0,"k":[100,100,100],"ix":6}},"ao":0,"w":1000,"h":300,"ip":240,"op":300,"st":240,"bm":0},{"ddd":0,"ind":12,"ty":0,"nm":"tail","refId":"comp_1","sr":1,"ks":{"o":{"a":0,"k":100,"ix":11},"r":{"a":0,"k":0,"ix":10},"p":{"a":0,"k":[500,150,0],"ix":2},"a":{"a":0,"k":[500,150,0],"ix":1},"s":{"a":0,"k":[100,100,100],"ix":6}},"ao":0,"w":1000,"h":300,"ip":300,"op":360,"st":300,"bm":0},{"ddd":0,"ind":13,"ty":0,"nm":"tail","refId":"comp_1","sr":1,"ks":{"o":{"a":0,"k":100,"ix":11},"r":{"a":0,"k":0,"ix":10},"p":{"a":0,"k":[500,150,0],"ix":2},"a":{"a":0,"k":[500,150,0],"ix":1},"s":{"a":0,"k":[100,100,100],"ix":6}},"ao":0,"w":1000,"h":300,"ip":360,"op":420,"st":360,"bm":0},{"ddd":0,"ind":14,"ty":0,"nm":"tail","refId":"comp_1","sr":1,"ks":{"o":{"a":0,"k":100,"ix":11},"r":{"a":0,"k":0,"ix":10},"p":{"a":0,"k":[500,150,0],"ix":2},"a":{"a":0,"k":[500,150,0],"ix":1},"s":{"a":0,"k":[100,100,100],"ix":6}},"ao":0,"w":1000,"h":300,"ip":420,"op":480,"st":420,"bm":0},{"ddd":0,"ind":15,"ty":0,"nm":"tail","refId":"comp_1","sr":1,"ks":{"o":{"a":0,"k":100,"ix":11},"r":{"a":0,"k":0,"ix":10},"p":{"a":0,"k":[500,150,0],"ix":2},"a":{"a":0,"k":[500,150,0],"ix":1},"s":{"a":0,"k":[100,100,100],"ix":6}},"ao":0,"w":1000,"h":300,"ip":480,"op":540,"st":480,"bm":0},{"ddd":0,"ind":16,"ty":0,"nm":"tail","refId":"comp_1","sr":1,"ks":{"o":{"a":0,"k":100,"ix":11},"r":{"a":0,"k":0,"ix":10},"p":{"a":0,"k":[500,150,0],"ix":2},"a":{"a":0,"k":[500,150,0],"ix":1},"s":{"a":0,"k":[100,100,100],"ix":6}},"ao":0,"w":1000,"h":300,"ip":540,"op":600,"st":540,"bm":0},{"ddd":0,"ind":17,"ty":4,"nm":"everything else","sr":1,"ks":{"o":{"a":0,"k":100,"ix":11},"r":{"a":0,"k":0,"ix":10},"p":{"a":0,"k":[498,150,0],"ix":2},"a":{"a":0,"k":[416,111,0],"ix":1},"s":{"a":0,"k":[117,117,100],"ix":6}},"ao":0,"shapes":[{"ty":"gr","it":[{"ind":0,"ty":"sh","ix":1,"ks":{"a":0,"k":{"i":[[1.394,-6.517],[0.382,0.119],[0.034,2.549],[-7.463,-1.015]],"o":[[-0.07,0.331],[-2.34,-0.732],[-0.097,-7.406],[-3.887,5.434]],"v":[[18.745,-15.398],[17.33,-14.71],[13.351,-20.384],[27.455,-32.815]],"c":true},"ix":2},"nm":"Path 1","mn":"ADBE Vector Shape - Group","hd":false},{"ind":1,"ty":"sh","ix":2,"ks":{"a":0,"k":{"i":[[0.226,-3.208],[8.18,2.572],[-1.396,3.248],[-6.484,-2.115],[0.019,-0.495]],"o":[[-8.047,-2.531],[1.34,-3.116],[6.789,2.135],[0.432,0.14],[-0.121,3.033]],"v":[[3.004,15.42],[-21.134,7.829],[-17.086,-1.589],[2.702,4.686],[3.61,6.15]],"c":true},"ix":2},"nm":"Path 2","mn":"ADBE Vector Shape - Group","hd":false},{"ind":2,"ty":"sh","ix":3,"ks":{"a":0,"k":{"i":[[-1.832,2.657],[1.405,0.124],[2.629,-8.214],[-5.783,-2.33],[-0.215,-0.193],[0.41,-3.209],[2.411,-0.55],[0.279,1.144],[1.606,0.158],[8.031,4.502],[0.887,-1.886],[-1.732,-0.886],[-0.643,-0.272],[0.068,-0.156],[2.743,-6.088],[1.078,-2.082],[-0.127,-0.072],[-0.683,-0.116],[-0.13,0.346],[-0.185,0.43],[-1.871,4.284],[-8.613,-2.708],[0.526,-5.221],[-0.277,-0.095],[-0.691,-0.047],[0.031,0.447],[-0.038,0.658],[-0.396,6.28],[-0.16,2.383],[-1.412,1.418],[-0.578,0.043],[-0.699,3.55],[-0.073,1.491],[-3.166,5.417]],"o":[[0.935,-1.357],[-6.827,-0.602],[-1.961,6.126],[0.107,0.043],[-0.311,3.121],[-0.322,2.518],[-1.014,0.232],[-0.395,-1.611],[-9.185,-0.901],[-1.765,-0.989],[-0.817,1.737],[0.634,0.324],[-0.028,0.32],[-2.667,6.123],[-0.96,2.132],[-0.149,0.286],[0.609,0.346],[0.219,0.037],[0.168,-0.443],[1.811,-4.23],[8.407,2.644],[-0.56,5.173],[-0.039,0.395],[0.633,0.217],[0.009,-0.449],[-0.047,-0.666],[0.366,-6.28],[0.142,-2.264],[2.031,0.579],[0.356,-0.358],[3.545,-0.264],[0.288,-1.462],[0.304,-6.172],[1.627,-2.782]],"v":[[29.662,-31.837],[28.994,-34.282],[12.588,-24.367],[18.13,-12.061],[18.529,-11.711],[17.557,-2.154],[13.163,2.514],[11.315,1.449],[8.144,-1.186],[-17.612,-9.467],[-22.586,-7.662],[-20.951,-2.898],[-18.997,-2.063],[-19.064,-1.387],[-27.106,16.962],[-30.393,23.176],[-30.47,24.176],[-28.507,24.934],[-27.715,24.102],[-27.524,22.654],[-21.986,9.927],[3.28,17.873],[1.615,33.481],[2.109,34.667],[4.165,34.862],[4.185,33.514],[3.979,31.523],[5.14,12.684],[5.601,5.774],[10.642,4.815],[12.328,4.389],[19.303,-1.749],[19.765,-6.21],[24.236,-23.819]],"c":true},"ix":2},"nm":"Path 3","mn":"ADBE Vector Shape - Group","hd":false},{"ty":"mm","mm":1,"nm":"Merge Paths 1","mn":"ADBE Vector Filter - Merge","hd":false},{"ty":"fl","c":{"a":0,"k":[0,0,0,1],"ix":4},"o":{"a":0,"k":100,"ix":5},"r":1,"bm":0,"nm":"Fill 1","mn":"ADBE Vector Graphic - Fill","hd":false},{"ty":"tr","p":{"a":0,"k":[661.793,167.038],"ix":2},"a":{"a":0,"k":[0,0],"ix":1},"s":{"a":0,"k":[100,100],"ix":3},"r":{"a":0,"k":0,"ix":6},"o":{"a":0,"k":100,"ix":7},"sk":{"a":0,"k":0,"ix":4},"sa":{"a":0,"k":0,"ix":5},"nm":"Transform"}],"nm":"Group 1","np":5,"cix":2,"bm":0,"ix":1,"mn":"ADBE Vector Group","hd":false},{"ty":"gr","it":[{"ind":0,"ty":"sh","ix":1,"ks":{"a":0,"k":{"i":[[1.833,0],[0,-1.833],[-1.832,0],[0,1.832]],"o":[[-1.832,0],[0,1.832],[1.833,0],[0,-1.833]],"v":[[-0.001,-3.318],[-3.318,0],[-0.001,3.318],[3.318,0]],"c":true},"ix":2},"nm":"Path 1","mn":"ADBE Vector Shape - Group","hd":false},{"ty":"fl","c":{"a":0,"k":[0.074432911592,0.474509803922,0.083846484914,1],"ix":4},"o":{"a":0,"k":100,"ix":5},"r":1,"bm":0,"nm":"Fill 1","mn":"ADBE Vector Graphic - Fill","hd":false},{"ty":"tr","p":{"a":0,"k":[488.34,197.135],"ix":2},"a":{"a":0,"k":[0,0],"ix":1},"s":{"a":0,"k":[100,100],"ix":3},"r":{"a":0,"k":0,"ix":6},"o":{"a":0,"k":100,"ix":7},"sk":{"a":0,"k":0,"ix":4},"sa":{"a":0,"k":0,"ix":5},"nm":"Transform"}],"nm":"Group 2","np":2,"cix":2,"bm":0,"ix":2,"mn":"ADBE Vector Group","hd":false},{"ty":"gr","it":[{"ind":0,"ty":"sh","ix":1,"ks":{"a":0,"k":{"i":[[0.091,0],[0.143,1.735],[-1.826,0.149],[-124.801,0],[-30.025,-0.537],[0.033,-1.833],[1.805,0],[0,0],[30.547,0],[102.261,-8.407]],"o":[[-1.709,0],[-0.15,-1.826],[102.439,-8.422],[30.586,0],[1.833,0.032],[-0.032,1.811],[0,0],[-29.987,-0.534],[-124.623,0],[-0.092,0.008]],"v":[[-219.133,9.75],[-222.437,6.703],[-219.401,3.125],[127.95,-9.75],[219.294,-8.941],[222.553,-5.565],[219.237,-2.307],[219.176,-2.307],[127.95,-3.112],[-218.857,9.737]],"c":true},"ix":2},"nm":"Path 1","mn":"ADBE Vector Shape - Group","hd":false},{"ty":"fl","c":{"a":0,"k":[0.074432911592,0.474509803922,0.083846484914,1],"ix":4},"o":{"a":0,"k":100,"ix":5},"r":1,"bm":0,"nm":"Fill 1","mn":"ADBE Vector Graphic - Fill","hd":false},{"ty":"tr","p":{"a":0,"k":[249.028,202.609],"ix":2},"a":{"a":0,"k":[0,0],"ix":1},"s":{"a":0,"k":[100,100],"ix":3},"r":{"a":0,"k":0,"ix":6},"o":{"a":0,"k":100,"ix":7},"sk":{"a":0,"k":0,"ix":4},"sa":{"a":0,"k":0,"ix":5},"nm":"Transform"}],"nm":"Group 3","np":2,"cix":2,"bm":0,"ix":3,"mn":"ADBE Vector Group","hd":false},{"ty":"gr","it":[{"ind":0,"ty":"sh","ix":1,"ks":{"a":0,"k":{"i":[[1.664,0],[0.129,0.014],[109.304,2.879],[-0.048,1.831],[-1.825,-0.005],[-81.428,-9.326],[0.208,-1.822]],"o":[[-0.126,0],[-81.238,-9.305],[-1.832,-0.048],[0.048,-1.833],[109.494,2.884],[1.82,0.209],[-0.194,1.692]],"v":[[145.708,12.642],[145.326,12.622],[-145.932,-6.004],[-149.161,-9.408],[-145.757,-12.637],[146.081,6.027],[149,9.702]],"c":true},"ix":2},"nm":"Path 1","mn":"ADBE Vector Shape - Group","hd":false},{"ty":"fl","c":{"a":0,"k":[0.074432911592,0.474509803922,0.083846484914,1],"ix":4},"o":{"a":0,"k":100,"ix":5},"r":1,"bm":0,"nm":"Fill 1","mn":"ADBE Vector Graphic - Fill","hd":false},{"ty":"tr","p":{"a":0,"k":[655.43,207.217],"ix":2},"a":{"a":0,"k":[0,0],"ix":1},"s":{"a":0,"k":[100,100],"ix":3},"r":{"a":0,"k":0,"ix":6},"o":{"a":0,"k":100,"ix":7},"sk":{"a":0,"k":0,"ix":4},"sa":{"a":0,"k":0,"ix":5},"nm":"Transform"}],"nm":"Group 4","np":2,"cix":2,"bm":0,"ix":4,"mn":"ADBE Vector Group","hd":false},{"ty":"gr","it":[{"ind":0,"ty":"sh","ix":1,"ks":{"a":0,"k":{"i":[[0,0],[6.6,0],[0,0],[0,-6.599],[0,0],[0,0]],"o":[[0,-6.599],[0,0],[-6.6,0],[0,0],[0,0],[0,0]],"v":[[32.874,-39.162],[20.874,-51.161],[-20.874,-51.161],[-32.874,-39.162],[-32.874,51.161],[32.874,51.161]],"c":true},"ix":2},"nm":"Path 1","mn":"ADBE Vector Shape - Group","hd":false},{"ty":"fl","c":{"a":0,"k":[0.619607843137,0.232756640864,0.113725490196,1],"ix":4},"o":{"a":0,"k":100,"ix":5},"r":1,"bm":0,"nm":"Fill 1","mn":"ADBE Vector Graphic - Fill","hd":false},{"ty":"tr","p":{"a":0,"k":[248.988,146.046],"ix":2},"a":{"a":0,"k":[0,0],"ix":1},"s":{"a":0,"k":[100,100],"ix":3},"r":{"a":0,"k":0,"ix":6},"o":{"a":0,"k":100,"ix":7},"sk":{"a":0,"k":0,"ix":4},"sa":{"a":0,"k":0,"ix":5},"nm":"Transform"}],"nm":"Group 18","np":2,"cix":2,"bm":0,"ix":5,"mn":"ADBE Vector Group","hd":false},{"ty":"gr","it":[{"ind":0,"ty":"sh","ix":1,"ks":{"a":0,"k":{"i":[[0,0],[-1.038,-1.267],[-1.088,1.241],[0,0],[0,0],[0,0],[0,0],[0,0],[-0.717,-0.026],[-0.55,0.577],[0.998,1.313],[0,0],[0,0],[0,0],[-0.717,-0.026],[-0.551,0.576],[0.999,1.313],[0,0],[0,0],[0,0],[-0.718,-0.025],[-0.551,0.576],[0.999,1.313],[0,0],[0,0],[0,0],[-0.718,-0.025],[-0.551,0.577],[0.999,1.313],[0,0],[0,0],[0.765,0.027],[0.518,-0.574],[0,0],[0,0],[-1.038,-1.266],[-1.087,1.24],[0,0],[0,0],[0,0],[-1.038,-1.266],[-1.088,1.24],[0,0],[0,0],[0,0],[-1.038,-1.267],[-1.088,1.24],[0,0],[0,0]],"o":[[-1.091,1.237],[1.044,1.266],[0,0],[0,0],[0,0],[0,0],[0,0],[0.511,0.676],[0.679,0.024],[1.127,-1.188],[0,0],[0,0],[0,0],[0.511,0.677],[0.678,0.024],[1.127,-1.188],[0,0],[0,0],[0,0],[0.511,0.676],[0.679,0.024],[1.127,-1.188],[0,0],[0,0],[0,0],[0.511,0.676],[0.679,0.024],[1.128,-1.188],[0,0],[0,0],[-0.475,-0.613],[-0.767,-0.028],[0,0],[0,0],[-1.091,1.237],[1.044,1.266],[0,0],[0,0],[0,0],[-1.091,1.237],[1.044,1.266],[0,0],[0,0],[0,0],[-1.091,1.237],[1.044,1.266],[0,0],[0,0],[0,0]],"v":[[-37.613,32.675],[-37.702,37.207],[-33.842,37.256],[-3.146,2.404],[-5.839,98.242],[-0.384,98.438],[2.309,2.602],[30.411,39.572],[32.343,40.627],[34.265,39.801],[34.503,35.274],[2.643,-6.64],[3.39,-27.316],[31.491,9.655],[33.423,10.71],[35.345,9.885],[35.582,5.358],[3.724,-36.556],[4.469,-57.235],[32.572,-20.264],[34.503,-19.21],[36.426,-20.035],[36.661,-24.562],[4.802,-66.476],[5.55,-87.155],[33.652,-50.184],[35.583,-49.13],[37.505,-49.955],[37.742,-54.482],[5.153,-97.356],[5.135,-97.372],[3.223,-98.409],[1.24,-97.513],[1.22,-97.497],[-34.375,-57.085],[-34.465,-52.553],[-30.607,-52.503],[0.095,-87.352],[-0.651,-66.673],[-35.452,-27.165],[-35.542,-22.633],[-31.683,-22.583],[-0.985,-57.432],[-1.733,-36.753],[-36.532,2.755],[-36.622,7.287],[-32.762,7.337],[-2.067,-27.512],[-2.813,-6.836]],"c":true},"ix":2},"nm":"Path 1","mn":"ADBE Vector Shape - Group","hd":false},{"ty":"fl","c":{"a":0,"k":[0.24664514579,0.426091063256,0.100170980715,1],"ix":4},"o":{"a":0,"k":100,"ix":5},"r":1,"bm":0,"nm":"Fill 1","mn":"ADBE Vector Graphic - Fill","hd":false},{"ty":"tr","p":{"a":0,"k":[778.266,117.195],"ix":2},"a":{"a":0,"k":[0,0],"ix":1},"s":{"a":0,"k":[100,100],"ix":3},"r":{"a":0,"k":0,"ix":6},"o":{"a":0,"k":100,"ix":7},"sk":{"a":0,"k":0,"ix":4},"sa":{"a":0,"k":0,"ix":5},"nm":"Transform"}],"nm":"Group 19","np":2,"cix":2,"bm":0,"ix":6,"mn":"ADBE Vector Group","hd":false},{"ty":"gr","it":[{"ind":0,"ty":"sh","ix":1,"ks":{"a":0,"k":{"i":[[0,0],[-0.47,-0.453],[-0.294,0],[-0.233,0.242],[0,0],[0,0],[-0.789,0.006],[0,0],[0,0],[-0.473,0.454],[0.454,0.471],[0,0],[0,0],[0,0],[-0.473,0.453],[0.454,0.472],[0,0],[0,0],[0,0],[-0.473,0.454],[0.454,0.471],[0,0],[0,0],[0,0],[-0.473,0.453],[0.454,0.472],[0,0],[0,0],[0.136,0.061],[0,0],[0.164,0],[0.142,-0.061],[0,0],[0.102,-0.105],[0,0],[0,0],[-0.47,-0.453],[-0.294,0],[-0.233,0.242],[0,0],[0,0],[0,0],[-0.47,-0.454],[-0.294,0],[-0.233,0.241],[0,0],[0,0],[0,0],[-0.47,-0.454],[-0.294,0],[-0.233,0.241],[0,0],[0,0]],"o":[[-0.453,0.471],[0.229,0.221],[0.311,0],[0,0],[0,0],[0.789,-0.007],[0,0],[0,0],[0.452,0.472],[0.47,-0.453],[0,0],[0,0],[0,0],[0.452,0.47],[0.47,-0.454],[0,0],[0,0],[0,0],[0.452,0.473],[0.47,-0.453],[0,0],[0,0],[0,0],[0.452,0.472],[0.47,-0.453],[0,0],[0,0],[-0.103,-0.105],[0,0],[-0.142,-0.061],[-0.165,0],[0,0],[-0.135,0.062],[0,0],[0,0],[-0.453,0.472],[0.229,0.222],[0.311,0],[0,0],[0,0],[0,0],[-0.453,0.472],[0.229,0.221],[0.311,0],[0,0],[0,0],[0,0],[-0.453,0.472],[0.229,0.222],[0.311,0],[0,0],[0,0],[0,0]],"v":[[-13.02,10.704],[-12.988,12.379],[-12.168,12.709],[-11.314,12.345],[-1.184,1.81],[-0.958,29.587],[1.41,29.569],[1.185,1.812],[11.314,12.346],[12.988,12.38],[13.02,10.706],[1.185,-1.605],[1.185,-7.281],[11.314,3.255],[12.988,3.288],[13.02,1.612],[1.185,-10.697],[1.185,-16.372],[11.314,-5.839],[12.988,-5.805],[13.02,-7.479],[1.185,-19.789],[1.185,-25.465],[11.314,-14.931],[12.988,-14.897],[13.02,-16.572],[0.853,-29.225],[0.845,-29.23],[0.482,-29.48],[0.463,-29.492],[0.001,-29.587],[-0.462,-29.492],[-0.485,-29.477],[-0.844,-29.229],[-0.852,-29.223],[-13.02,-16.569],[-12.988,-14.895],[-12.168,-14.564],[-11.314,-14.928],[-1.184,-25.464],[-1.184,-19.788],[-13.02,-7.478],[-12.988,-5.803],[-12.168,-5.473],[-11.314,-5.836],[-1.184,-16.372],[-1.184,-10.697],[-13.02,1.612],[-12.988,3.288],[-12.168,3.618],[-11.314,3.255],[-1.184,-7.281],[-1.184,-1.606]],"c":true},"ix":2},"nm":"Path 1","mn":"ADBE Vector Shape - Group","hd":false},{"ty":"fl","c":{"a":0,"k":[0.24664514579,0.426091063256,0.100170980715,1],"ix":4},"o":{"a":0,"k":100,"ix":5},"r":1,"bm":0,"nm":"Fill 1","mn":"ADBE Vector Graphic - Fill","hd":false},{"ty":"tr","p":{"a":0,"k":[65.502,175.453],"ix":2},"a":{"a":0,"k":[0,0],"ix":1},"s":{"a":0,"k":[100,100],"ix":3},"r":{"a":0,"k":0,"ix":6},"o":{"a":0,"k":100,"ix":7},"sk":{"a":0,"k":0,"ix":4},"sa":{"a":0,"k":0,"ix":5},"nm":"Transform"}],"nm":"Group 20","np":2,"cix":2,"bm":0,"ix":7,"mn":"ADBE Vector Group","hd":false},{"ty":"gr","it":[{"ind":0,"ty":"sh","ix":1,"ks":{"a":0,"k":{"i":[[0,2.348],[0,0],[-2.348,0],[0,0],[0,-2.349],[0,0],[2.348,0],[0,0]],"o":[[0,0],[0,-2.349],[0,0],[2.348,0],[0,0],[0,2.348],[0,0],[-2.348,0]],"v":[[36.909,-24.713],[36.909,-37.986],[41.162,-42.239],[59.946,-42.239],[64.198,-37.986],[64.198,-24.713],[59.946,-20.46],[41.162,-20.46]],"c":true},"ix":2},"nm":"Path 1","mn":"ADBE Vector Shape - Group","hd":false},{"ind":1,"ty":"sh","ix":2,"ks":{"a":0,"k":{"i":[[0,2.349],[0,0],[-2.348,0],[0,0],[0,-2.349],[0,0],[2.348,0],[0,0]],"o":[[0,0],[0,-2.349],[0,0],[2.348,0],[0,0],[0,2.349],[0,0],[-2.348,0]],"v":[[36.909,1.981],[36.909,-11.101],[41.162,-15.354],[59.946,-15.354],[64.198,-11.101],[64.198,1.981],[59.946,6.234],[41.162,6.234]],"c":true},"ix":2},"nm":"Path 2","mn":"ADBE Vector Shape - Group","hd":false},{"ind":2,"ty":"sh","ix":3,"ks":{"a":0,"k":{"i":[[0,2.348],[0,0],[-2.349,0],[0,0],[0,-2.349],[0,0],[2.348,0],[0,0]],"o":[[0,0],[0,-2.349],[0,0],[2.348,0],[0,0],[0,2.348],[0,0],[-2.349,0]],"v":[[69.516,-24.713],[69.516,-37.986],[73.768,-42.239],[90.071,-42.239],[94.323,-37.986],[94.323,-24.713],[90.071,-20.46],[73.768,-20.46]],"c":true},"ix":2},"nm":"Path 3","mn":"ADBE Vector Shape - Group","hd":false},{"ind":3,"ty":"sh","ix":4,"ks":{"a":0,"k":{"i":[[0,2.349],[0,0],[-2.349,0],[0,0],[0,-2.349],[0,0],[2.348,0],[0,0]],"o":[[0,0],[0,-2.349],[0,0],[2.348,0],[0,0],[0,2.349],[0,0],[-2.349,0]],"v":[[69.516,1.981],[69.516,-11.101],[73.768,-15.354],[90.071,-15.354],[94.323,-11.101],[94.323,1.981],[90.071,6.234],[73.768,6.234]],"c":true},"ix":2},"nm":"Path 4","mn":"ADBE Vector Shape - Group","hd":false},{"ind":4,"ty":"sh","ix":5,"ks":{"a":0,"k":{"i":[[0,-2.35],[0,0],[-2.35,0],[0,0],[0,-2.35],[0,0],[-2.349,0],[0,0],[0,2.348],[0,0],[-2.349,0],[0,0],[0,-2.349],[0,0],[-2.348,0],[0,0],[0,2.349],[0,0],[-2.349,0],[0,2.349],[0,0],[2.348,0],[0,0]],"o":[[0,0],[0,2.349],[0,0],[2.349,0],[0,0],[0,2.348],[0,0],[2.35,0],[0,0],[0,-2.349],[0,0],[2.349,0],[0,0],[0,2.348],[0,0],[2.348,0],[0,0],[0,-2.35],[2.348,0],[0,0],[0,-2.35],[0,0],[-2.35,0]],"v":[[-123.031,-78.02],[-123.031,-70.394],[-118.779,-66.141],[-68.922,-66.141],[-64.669,-61.888],[-64.812,72.074],[-61.53,72.343],[-58.541,71.043],[-55.807,73.915],[-55.807,-48.068],[-51.555,-52.321],[15.29,-52.321],[19.543,-48.068],[19.543,73.915],[23.797,74.984],[110.273,82.272],[114.526,78.019],[114.526,-61.888],[118.779,-66.141],[123.031,-70.394],[123.031,-78.02],[118.779,-82.272],[-118.779,-82.272]],"c":true},"ix":2},"nm":"Path 5","mn":"ADBE Vector Shape - Group","hd":false},{"ty":"mm","mm":1,"nm":"Merge Paths 1","mn":"ADBE Vector Filter - Merge","hd":false},{"ty":"fl","c":{"a":0,"k":[0.913777190564,0.913327385398,0.899874758253,1],"ix":4},"o":{"a":0,"k":100,"ix":5},"r":1,"bm":0,"nm":"Fill 1","mn":"ADBE Vector Graphic - Fill","hd":false},{"ty":"tr","p":{"a":0,"k":[674.167,130.63],"ix":2},"a":{"a":0,"k":[0,0],"ix":1},"s":{"a":0,"k":[100,100],"ix":3},"r":{"a":0,"k":0,"ix":6},"o":{"a":0,"k":100,"ix":7},"sk":{"a":0,"k":0,"ix":4},"sa":{"a":0,"k":0,"ix":5},"nm":"Transform"}],"nm":"Group 21","np":7,"cix":2,"bm":0,"ix":8,"mn":"ADBE Vector Group","hd":false},{"ty":"gr","it":[{"ind":0,"ty":"sh","ix":1,"ks":{"a":0,"k":{"i":[[-0.197,0.012],[-0.392,-0.825],[-0.207,-0.701],[-1.108,-0.236],[-1.026,-0.287],[-1.175,-0.167],[-1.287,-0.111],[1.247,-1.741],[2.146,-0.508],[0.423,-0.08],[-0.667,-2.694],[-0.189,-0.431],[1.604,-4.526],[-0.331,-6.773],[-1.626,-1.228],[-0.41,-0.902],[1.936,0.233],[0.092,0.524],[0.606,3.825],[0.119,0.604],[1.158,-0.688],[0.012,-0.247],[1.353,-1.523],[1.116,-1.3],[-1.135,-0.165],[-0.274,-1.447],[0.81,0.015],[4.86,0.157],[0.541,1.139],[-0.117,4.205],[-4.006,4.031],[-2.153,2.17],[-0.843,5.616],[-0.603,2.729],[-0.373,0.885]],"o":[[0.447,0.8],[0.313,0.658],[0.339,1.144],[1.036,0.22],[1.147,0.321],[1.276,0.181],[2.145,0.185],[-1.266,1.767],[-0.418,0.099],[-2.702,0.513],[0.113,0.457],[1.984,4.511],[-2.314,6.529],[0.089,1.806],[0.398,0.3],[-2.33,-0.112],[-0.397,-0.048],[-0.667,-3.815],[-0.073,-0.465],[-1.254,0.697],[-0.222,0.132],[-0.11,2.195],[-0.899,1.011],[1.579,0.108],[1.16,0.168],[0.142,0.749],[-4.861,-0.09],[-1.182,-0.038],[-1.86,-3.914],[0.163,-5.807],[2.155,-2.169],[4.041,-4.072],[0.414,-2.763],[0.203,-0.922],[0.197,-0.012]],"v":[[2.898,-30.608],[4.225,-28.203],[4.974,-26.141],[7.232,-24.322],[10.27,-23.332],[13.753,-22.534],[17.617,-22.254],[19.316,-18.726],[14.191,-15.255],[12.925,-15.005],[10.431,-11.084],[10.874,-9.738],[11.071,3.869],[9.029,23.906],[11.141,28.704],[12.044,30.608],[5.817,30.245],[4.807,28.861],[2.964,17.389],[2.666,15.86],[-0.933,17.883],[-1.397,18.586],[-4.199,23.821],[-7.082,27.171],[-3.21,27.453],[-0.629,29.36],[-1.513,30.545],[-16.096,30.231],[-18.641,28.335],[-20.447,16.074],[-13.782,1.551],[-7.407,-5.045],[-0.375,-19.68],[1.214,-27.914],[2.307,-30.573]],"c":true},"ix":2},"nm":"Path 1","mn":"ADBE Vector Shape - Group","hd":false},{"ty":"fl","c":{"a":0,"k":[0,0,0,1],"ix":4},"o":{"a":0,"k":100,"ix":5},"r":1,"bm":0,"nm":"Fill 1","mn":"ADBE Vector Graphic - Fill","hd":false},{"ty":"tr","p":{"a":0,"k":[162.84,168.767],"ix":2},"a":{"a":0,"k":[0,0],"ix":1},"s":{"a":0,"k":[100,100],"ix":3},"r":{"a":0,"k":0,"ix":6},"o":{"a":0,"k":100,"ix":7},"sk":{"a":0,"k":0,"ix":4},"sa":{"a":0,"k":0,"ix":5},"nm":"Transform"}],"nm":"Group 22","np":2,"cix":2,"bm":0,"ix":9,"mn":"ADBE Vector Group","hd":false},{"ty":"gr","it":[{"ind":0,"ty":"sh","ix":1,"ks":{"a":0,"k":{"i":[[2.604,0],[0,0],[0,2.603],[0,0],[-2.604,0],[0,0],[0,-2.603],[0,0]],"o":[[0,0],[-2.604,0],[0,0],[0,-2.603],[0,0],[2.604,0],[0,0],[0,2.603]],"v":[[-45.638,-22.684],[-66.463,-22.684],[-71.178,-27.398],[-71.178,-42.115],[-66.463,-46.83],[-45.638,-46.83],[-40.923,-42.115],[-40.923,-27.398]],"c":true},"ix":2},"nm":"Path 1","mn":"ADBE Vector Shape - Group","hd":false},{"ind":1,"ty":"sh","ix":2,"ks":{"a":0,"k":{"i":[[2.604,0],[0,0],[0,2.604],[0,0],[-2.604,0],[0,0],[0,-2.604],[0,0]],"o":[[0,0],[-2.604,0],[0,0],[0,-2.604],[0,0],[2.604,0],[0,0],[0,2.604]],"v":[[-45.638,6.912],[-66.463,6.912],[-71.178,2.197],[-71.178,-12.306],[-66.463,-17.021],[-45.638,-17.021],[-40.923,-12.306],[-40.923,2.197]],"c":true},"ix":2},"nm":"Path 2","mn":"ADBE Vector Shape - Group","hd":false},{"ind":2,"ty":"sh","ix":3,"ks":{"a":0,"k":{"i":[[2.604,0],[0,0],[0,2.603],[0,0],[-2.604,0],[0,0],[0,-2.603],[0,0]],"o":[[0,0],[-2.604,0],[0,0],[0,-2.603],[0,0],[2.604,0],[0,0],[0,2.603]],"v":[[-81.787,-22.684],[-99.862,-22.684],[-104.577,-27.398],[-104.577,-42.115],[-99.862,-46.83],[-81.787,-46.83],[-77.072,-42.115],[-77.072,-27.398]],"c":true},"ix":2},"nm":"Path 3","mn":"ADBE Vector Shape - Group","hd":false},{"ind":3,"ty":"sh","ix":4,"ks":{"a":0,"k":{"i":[[2.604,0],[0,0],[0,2.604],[0,0],[-2.604,0],[0,0],[0,-2.604],[0,0]],"o":[[0,0],[-2.604,0],[0,0],[0,-2.604],[0,0],[2.604,0],[0,0],[0,2.604]],"v":[[-81.787,6.912],[-99.862,6.912],[-104.577,2.197],[-104.577,-12.306],[-99.862,-17.021],[-81.787,-17.021],[-77.072,-12.306],[-77.072,2.197]],"c":true},"ix":2},"nm":"Path 4","mn":"ADBE Vector Shape - Group","hd":false},{"ind":4,"ty":"sh","ix":5,"ks":{"a":0,"k":{"i":[[2.604,0],[0,0],[0,-2.604],[0,0],[-2.604,0],[0,-2.604],[0,0],[-2.604,0],[0,0],[0,2.605],[0,0],[-2.604,0],[0,0],[0,-2.604],[0,0],[-2.604,0],[0,0],[0,2.605],[0,0],[-2.604,0],[0,0],[0,2.604],[0,0]],"o":[[0,0],[-2.604,0],[0,0],[0,2.604],[2.604,0],[0,0],[0,2.604],[0,0],[2.605,0],[0,0],[0,-2.604],[0,0],[2.604,0],[0,0],[0,2.605],[0,0],[2.604,0],[0,0],[0,-2.604],[0,0],[2.604,0],[0,0],[0,-2.604]],"v":[[131.689,-91.215],[-131.689,-91.215],[-136.404,-86.5],[-136.404,-78.045],[-131.689,-73.33],[-126.974,-68.614],[-126.974,86.5],[-122.259,91.215],[-26.385,83.135],[-21.669,81.949],[-21.669,-53.293],[-16.954,-58.008],[22.732,-58.008],[27.447,-53.293],[27.447,81.949],[32.162,83.135],[32.555,83.135],[37.43,79.908],[37.27,-68.614],[41.986,-73.33],[131.689,-73.33],[136.404,-78.045],[136.404,-86.5]],"c":true},"ix":2},"nm":"Path 5","mn":"ADBE Vector Shape - Group","hd":false},{"ty":"mm","mm":1,"nm":"Merge Paths 1","mn":"ADBE Vector Filter - Merge","hd":false},{"ty":"fl","c":{"a":0,"k":[0.913777190564,0.913327385398,0.899874758253,1],"ix":4},"o":{"a":0,"k":100,"ix":5},"r":1,"bm":0,"nm":"Fill 1","mn":"ADBE Vector Graphic - Fill","hd":false},{"ty":"tr","p":{"a":0,"k":[171.063,116.979],"ix":2},"a":{"a":0,"k":[0,0],"ix":1},"s":{"a":0,"k":[100,100],"ix":3},"r":{"a":0,"k":0,"ix":6},"o":{"a":0,"k":100,"ix":7},"sk":{"a":0,"k":0,"ix":4},"sa":{"a":0,"k":0,"ix":5},"nm":"Transform"}],"nm":"Group 23","np":7,"cix":2,"bm":0,"ix":10,"mn":"ADBE Vector Group","hd":false},{"ty":"gr","it":[{"ind":0,"ty":"sh","ix":1,"ks":{"a":0,"k":{"i":[[0,0],[-0.722,-0.689],[-0.556,0.838],[0,0],[0,0],[0,0],[0,0],[0,0],[-0.432,0.04],[-0.286,0.394],[0.702,0.72],[0,0],[0,0],[0,0],[-0.432,0.04],[-0.286,0.393],[0.701,0.72],[0,0],[0,0],[0,0],[-0.432,0.039],[-0.286,0.393],[0.701,0.72],[0,0],[0,0],[0,0],[-0.432,0.04],[-0.286,0.393],[0.701,0.721],[0,0],[0,0],[0.462,-0.042],[0.266,-0.39],[0,0],[0,0],[-0.722,-0.688],[-0.556,0.838],[0,0],[0,0],[0,0],[-0.722,-0.689],[-0.556,0.838],[0,0],[0,0],[0,0],[-0.722,-0.69],[-0.557,0.839],[0,0],[0,0]],"o":[[-0.558,0.837],[0.725,0.689],[0,0],[0,0],[0,0],[0,0],[0,0],[0.359,0.372],[0.409,-0.037],[0.583,-0.808],[0,0],[0,0],[0,0],[0.359,0.372],[0.41,-0.037],[0.584,-0.809],[0,0],[0,0],[0,0],[0.359,0.371],[0.41,-0.039],[0.584,-0.809],[0,0],[0,0],[0,0],[0.359,0.371],[0.41,-0.038],[0.584,-0.81],[0,0],[0,0],[-0.333,-0.336],[-0.462,0.043],[0,0],[0,0],[-0.558,0.836],[0.725,0.689],[0,0],[0,0],[0,0],[-0.558,0.835],[0.725,0.689],[0,0],[0,0],[0,0],[-0.558,0.837],[0.725,0.688],[0,0],[0,0],[0,0]],"v":[[-19.331,11.818],[-19.032,14.579],[-16.712,14.31],[-1.007,-9.246],[6.199,71.045],[9.488,70.743],[2.282,-9.548],[22.022,10.742],[23.263,11.233],[24.352,10.582],[24.142,7.814],[1.762,-15.19],[0.6,-27.812],[20.341,-7.522],[21.581,-7.031],[22.671,-7.681],[22.461,-10.45],[0.08,-33.454],[-1.082,-46.078],[18.659,-25.787],[19.9,-25.295],[20.989,-25.946],[20.779,-28.715],[-1.601,-51.72],[-2.763,-64.344],[16.977,-44.053],[18.218,-43.561],[19.307,-44.212],[19.097,-46.981],[-3.795,-70.512],[-3.808,-70.52],[-5.036,-71.003],[-6.155,-70.304],[-6.166,-70.293],[-24.378,-42.978],[-24.079,-40.218],[-21.759,-40.486],[-6.051,-64.041],[-4.889,-51.416],[-22.695,-24.712],[-22.395,-21.952],[-20.076,-22.22],[-4.37,-45.775],[-3.208,-33.151],[-21.013,-6.448],[-20.714,-3.686],[-18.394,-3.956],[-2.688,-27.509],[-1.526,-14.887]],"c":true},"ix":2},"nm":"Path 1","mn":"ADBE Vector Shape - Group","hd":false},{"ty":"fl","c":{"a":0,"k":[0.24664514579,0.426091063256,0.100170980715,1],"ix":4},"o":{"a":0,"k":100,"ix":5},"r":1,"bm":0,"nm":"Fill 1","mn":"ADBE Vector Graphic - Fill","hd":false},{"ty":"tr","p":{"a":0,"k":[42.712,135.593],"ix":2},"a":{"a":0,"k":[0,0],"ix":1},"s":{"a":0,"k":[100,100],"ix":3},"r":{"a":0,"k":0,"ix":6},"o":{"a":0,"k":100,"ix":7},"sk":{"a":0,"k":0,"ix":4},"sa":{"a":0,"k":0,"ix":5},"nm":"Transform"}],"nm":"Group 24","np":2,"cix":2,"bm":0,"ix":11,"mn":"ADBE Vector Group","hd":false},{"ty":"gr","it":[{"ind":0,"ty":"sh","ix":1,"ks":{"a":0,"k":{"i":[[1.124,-2.08],[1.41,-0.019],[0.154,0.387],[0,0],[-0.575,0.458],[-0.039,0.172],[-1.54,0],[-0.483,-0.487],[-0.165,-0.011]],"o":[[-0.644,1.19],[-1.919,0.025],[-0.809,-2.046],[0.173,0.003],[0.556,-0.442],[1.54,0],[0.022,0.18],[0.544,0.547],[-0.005,1.12]],"v":[[3.064,1.972],[0,5.049],[-3.427,1.27],[-4.355,-3.417],[-2.984,-3.881],[-2.233,-5.075],[2.387,-5.075],[2.984,-3.836],[4.355,-3.217]],"c":true},"ix":2},"nm":"Path 1","mn":"ADBE Vector Shape - Group","hd":false},{"ty":"fl","c":{"a":0,"k":[0.772549019608,0.772549019608,0.772549019608,1],"ix":4},"o":{"a":0,"k":100,"ix":5},"r":1,"bm":0,"nm":"Fill 1","mn":"ADBE Vector Graphic - Fill","hd":false},{"ty":"tr","p":{"a":0,"k":[418.917,32.575],"ix":2},"a":{"a":0,"k":[0,0],"ix":1},"s":{"a":0,"k":[100,100],"ix":3},"r":{"a":0,"k":0,"ix":6},"o":{"a":0,"k":100,"ix":7},"sk":{"a":0,"k":0,"ix":4},"sa":{"a":0,"k":0,"ix":5},"nm":"Transform"}],"nm":"Group 25","np":2,"cix":2,"bm":0,"ix":12,"mn":"ADBE Vector Group","hd":false},{"ty":"gr","it":[{"ind":0,"ty":"sh","ix":1,"ks":{"a":0,"k":{"i":[[0.382,-0.619],[0.344,-2.154],[0,0],[0.165,-0.012],[0,0],[0.648,0.326],[0,0]],"o":[[-1.147,1.854],[0,0],[-0.167,0],[0,0],[-0.587,-0.321],[0,0],[-0.462,0.563]],"v":[[24.711,6.618],[22.45,12.705],[21.848,12.705],[21.353,12.741],[21.398,9.29],[19.543,8.316],[25.993,4.852]],"c":true},"ix":2},"nm":"Path 1","mn":"ADBE Vector Shape - Group","hd":false},{"ind":1,"ty":"sh","ix":2,"ks":{"a":0,"k":{"i":[[6.671,0],[4.528,2.836],[-7.053,0.028],[-4.649,-2.108]],"o":[[-6.677,0],[4.585,-2.08],[6.906,-0.028],[-4.527,2.832]],"v":[[-0.001,18.649],[-17.549,14.192],[0.054,10.267],[17.534,14.199]],"c":true},"ix":2},"nm":"Path 2","mn":"ADBE Vector Shape - Group","hd":false},{"ind":2,"ty":"sh","ix":3,"ks":{"a":0,"k":{"i":[[0.623,-0.352],[0,0],[0.204,0],[0,0],[1.098,1.813],[0.57,0.682],[0,0]],"o":[[0,0],[-0.201,-0.018],[0,0],[-0.387,-2.092],[-0.46,-0.759],[0,0],[-0.704,0.354]],"v":[[-21.204,9.29],[-21.248,12.748],[-21.851,12.705],[-21.868,12.705],[-24.12,6.773],[-25.683,4.621],[-19.211,8.227]],"c":true},"ix":2},"nm":"Path 3","mn":"ADBE Vector Shape - Group","hd":false},{"ind":3,"ty":"sh","ix":4,"ks":{"a":0,"k":{"i":[[-1.25,2.295],[-0.521,1.605],[0,0],[1.319,-0.579],[0,0]],"o":[[0.806,-1.48],[0,0],[-1.53,0.494],[0,0],[1.843,-1.85]],"v":[[-23.145,-5.109],[-21.156,-9.749],[-12.672,5.539],[-16.951,7.163],[-27.815,1.11]],"c":true},"ix":2},"nm":"Path 4","mn":"ADBE Vector Shape - Group","hd":false},{"ind":4,"ty":"sh","ix":5,"ks":{"a":0,"k":{"i":[[0,0],[0,0]],"o":[[0,0],[0,0]],"v":[[-20.748,-11.105],[-20.749,-11.105]],"c":true},"ix":2},"nm":"Path 5","mn":"ADBE Vector Shape - Group","hd":false},{"ind":5,"ty":"sh","ix":6,"ks":{"a":0,"k":{"i":[[-3.413,1.251],[-2.93,2.052],[-3.735,-1.186],[-2.594,-0.297],[0,0],[3.648,-0.015],[3.177,-0.846],[0,0],[0,0]],"o":[[3.356,-1.229],[3.251,2.213],[2.483,0.788],[0,0],[-3.059,-0.795],[-3.885,0.017],[0,0],[0,0],[3.616,-0.318]],"v":[[-9.059,-13.548],[0.406,-18.49],[10.927,-13.372],[18.566,-11.756],[10.219,4.762],[0.141,3.467],[-10.474,4.89],[-10.896,4.557],[-19.637,-11.193]],"c":true},"ix":2},"nm":"Path 6","mn":"ADBE Vector Shape - Group","hd":false},{"ind":6,"ty":"sh","ix":7,"ks":{"a":0,"k":{"i":[[-1.349,-2.058],[-1.666,-1.601],[0,0],[1.816,0.566],[0,0]],"o":[[1.271,1.938],[0,0],[-1.551,-0.689],[0,0],[0.822,2.311]],"v":[[23.348,-3.718],[27.777,1.591],[17.264,7.236],[12.208,5.325],[20.101,-10.294]],"c":true},"ix":2},"nm":"Path 7","mn":"ADBE Vector Shape - Group","hd":false},{"ind":7,"ty":"sh","ix":8,"ks":{"a":0,"k":{"i":[[0,0]],"o":[[0,0]],"v":[[28.549,2.329]],"c":true},"ix":2},"nm":"Path 8","mn":"ADBE Vector Shape - Group","hd":false},{"ind":8,"ty":"sh","ix":9,"ks":{"a":0,"k":{"i":[[0.553,2.663],[1.895,2.89],[0.536,2.02],[0.366,0.291],[0.351,0.125],[3.442,1.092],[2.327,1.672],[0.486,0.001],[0,0],[0.361,-0.126],[4.152,-1.521],[2.887,-0.098],[0.385,-0.313],[0.203,-0.336],[1.294,-2.375],[1.578,-1.327],[-0.006,-0.884],[-0.34,-0.542],[-1.599,-2.64],[-0.123,-1.252],[-0.692,-0.382],[-0.582,0],[0,0],[-0.539,-0.364],[-7.947,0],[-4.927,3.316],[-0.651,0],[0,0],[-0.61,1.022],[-1.54,2.488],[-0.99,0.617]],"o":[[-1.566,-1.283],[-2.019,-3.079],[-0.14,-0.218],[-0.289,-0.228],[-2.413,-0.147],[-4.607,-1.463],[-0.249,-0.089],[0,0],[-0.376,0],[-2.173,1.607],[-4.705,1.725],[-0.251,0.088],[-0.301,0.243],[-0.375,1.683],[-1.829,3.359],[-0.157,0.258],[0.005,0.616],[1.09,0.666],[1.471,2.43],[0.16,0.256],[0.493,0.273],[0,0],[0.65,0],[4.927,3.316],[7.946,0],[0.539,-0.364],[0,0],[1.19,0],[0.078,-1.179],[1.424,-2.302],[0.154,-0.259]],"v":[[31.737,0.608],[26.177,-5.573],[22.603,-13.577],[21.861,-14.396],[20.895,-14.931],[11.95,-16.595],[1.524,-21.835],[0.4,-22.031],[0.388,-22.031],[-0.725,-21.842],[-10.223,-16.724],[-21.99,-14.432],[-23.003,-13.868],[-23.766,-12.995],[-26.116,-6.727],[-31.791,0.204],[-32.284,1.985],[-31.767,3.758],[-27.013,8.525],[-25.027,14.502],[-23.799,15.665],[-22.162,16.087],[-21.851,16.087],[-20.017,16.628],[-0.001,22.031],[20.014,16.628],[21.848,16.087],[22.753,16.087],[25.655,14.441],[27.587,8.397],[31.796,4.175]],"c":true},"ix":2},"nm":"Path 9","mn":"ADBE Vector Shape - Group","hd":false},{"ty":"mm","mm":1,"nm":"Merge Paths 1","mn":"ADBE Vector Filter - Merge","hd":false},{"ty":"fl","c":{"a":0,"k":[0.011918492411,0.336231246649,0.607843137255,1],"ix":4},"o":{"a":0,"k":100,"ix":5},"r":1,"bm":0,"nm":"Fill 1","mn":"ADBE Vector Graphic - Fill","hd":false},{"ty":"tr","p":{"a":0,"k":[418.502,38.606],"ix":2},"a":{"a":0,"k":[0,0],"ix":1},"s":{"a":0,"k":[100,100],"ix":3},"r":{"a":0,"k":0,"ix":6},"o":{"a":0,"k":100,"ix":7},"sk":{"a":0,"k":0,"ix":4},"sa":{"a":0,"k":0,"ix":5},"nm":"Transform"}],"nm":"Group 26","np":11,"cix":2,"bm":0,"ix":13,"mn":"ADBE Vector Group","hd":false},{"ty":"gr","it":[{"ind":0,"ty":"sh","ix":1,"ks":{"a":0,"k":{"i":[[1.065,0.001],[0.116,-0.01],[2.638,-1.295],[-0.371,0],[-0.953,-2.173],[0.935,-1.62],[0,0],[4.28,0],[0,0],[1.202,0.539],[0.222,0],[0,-0.971],[0,0],[-3.459,0],[0,0],[-0.993,0.659],[0,0],[-5.511,-0.26],[-0.164,0],[0,5.659],[0,0],[-1.255,0.183],[0,0],[0,-1.64],[0,0],[-5.511,-0.26],[-0.164,0],[0,5.659],[0,0],[0,0],[0.66,4.458],[0,0],[5.806,2.2],[1.342,0.254],[0.281,0],[0.806,-0.594],[0,0],[0,0]],"o":[[-0.116,0],[-2.957,0.24],[-0.37,0.182],[2.152,0],[0.752,1.714],[0,0],[-1.188,4.082],[0,0],[-1.401,0],[-0.221,-0.1],[-0.887,0],[0,0],[0,3.459],[0,0],[1.274,0],[0,0],[0,5.518],[0.166,0.007],[5.66,0],[0,0],[0,-1.64],[0,0],[1.259,0.182],[0,0],[0,5.518],[0.166,0.007],[5.66,0],[0,0],[0,0],[4.506,0],[0,0],[-0.971,-6.132],[-1.43,-0.542],[-0.281,-0.053],[-0.986,0],[0,0],[0,0],[-0.826,-0.685]],"v":[[-7.967,-56.414],[-8.314,-56.4],[-16.778,-54.068],[-16.422,-53.045],[-11.228,-49.643],[-11.609,-44.323],[-16.561,-35.748],[-25.846,-28.759],[-26.983,-28.759],[-30.917,-29.599],[-31.586,-29.745],[-33.273,-28.038],[-33.273,-22.541],[-26.983,-16.253],[-25.846,-16.253],[-22.392,-17.297],[-22.392,45.878],[-12.64,56.403],[-12.145,56.414],[-1.898,46.167],[-1.898,6.525],[0.486,3.796],[2.399,3.796],[4.791,6.525],[4.791,45.878],[14.542,56.403],[15.037,56.414],[25.285,46.167],[25.312,46.167],[25.312,6.951],[32.613,-1.51],[26.687,-41.54],[15.72,-55.006],[11.503,-56.251],[10.659,-56.33],[7.898,-55.417],[0.995,-50.338],[-5.039,-55.335]],"c":true},"ix":2},"nm":"Path 1","mn":"ADBE Vector Shape - Group","hd":false},{"ind":1,"ty":"sh","ix":2,"ks":{"a":0,"k":{"i":[[0,0],[-0.231,-0.191],[0,0],[0,0],[0,0],[0,0],[-0.265,0],[0,0],[-1.378,-0.522],[-0.783,-4.906],[0,0],[0.772,-0.895],[1.181,0],[0,0],[0,0],[0,0],[0,0],[0,0],[3.786,0],[0.112,0.006],[0,3.771],[0,0],[3.114,0.451],[0,0],[0,0],[0,0],[0,0],[0,0],[0,-3.124],[0,0],[3.786,0],[0.113,0.006],[0,3.771],[0,0],[0,0],[0,0],[0.562,0],[0,0],[0,1.603],[0,0],[-0.988,0],[0,0],[-1.747,5.326],[0,0],[1.157,2.639],[0.443,0.575],[-0.405,0.033]],"o":[[0.258,0],[0,0],[0,0],[0,0],[0,0],[0.224,-0.164],[0,0],[1.041,0.197],[4.661,1.767],[0,0],[0.173,1.168],[-0.771,0.893],[0,0],[0,0],[0,0],[0,0],[0,0],[0,3.785],[-0.111,0],[-3.601,-0.169],[0,0],[0,-3.127],[0,0],[0,0],[0,0],[0,0],[0,0],[-3.108,0.453],[0,0],[0,3.785],[-0.111,0],[-3.6,-0.169],[0,0],[0,0],[0,0],[-0.476,0.315],[0,0],[-1.603,0],[0,0],[0.947,0.217],[0,0],[5.618,0],[0,0],[1.503,-2.602],[-0.3,-0.684],[0.401,-0.057],[0,0]],"v":[[-7.967,-53.031],[-7.196,-52.731],[-1.162,-47.733],[0.872,-46.048],[3,-47.614],[9.902,-52.694],[10.659,-52.948],[10.875,-52.928],[14.521,-51.844],[23.344,-41.028],[29.267,-1.015],[28.339,2.183],[25.312,3.569],[21.93,3.569],[21.93,6.951],[21.93,42.785],[21.902,42.785],[21.902,46.167],[15.037,53.033],[14.702,53.024],[8.172,45.878],[8.172,6.525],[2.884,0.449],[2.643,0.413],[2.399,0.413],[0.486,0.413],[0.242,0.413],[-0.001,0.45],[-5.28,6.525],[-5.28,46.167],[-12.145,53.033],[-12.481,53.024],[-19.009,45.878],[-19.009,-17.297],[-19.009,-23.593],[-24.259,-20.116],[-25.846,-19.634],[-26.983,-19.634],[-29.889,-22.541],[-29.889,-25.703],[-26.983,-25.377],[-25.846,-25.377],[-13.444,-34.384],[-8.681,-42.632],[-8.13,-51.001],[-9.251,-52.894],[-8.041,-53.029]],"c":true},"ix":2},"nm":"Path 2","mn":"ADBE Vector Shape - Group","hd":false},{"ty":"mm","mm":1,"nm":"Merge Paths 1","mn":"ADBE Vector Filter - Merge","hd":false},{"ty":"fl","c":{"a":0,"k":[0.026164524228,0.021755850549,0.023197772456,1],"ix":4},"o":{"a":0,"k":100,"ix":5},"r":1,"bm":0,"nm":"Fill 1","mn":"ADBE Vector Graphic - Fill","hd":false},{"ty":"tr","p":{"a":0,"k":[416.576,140.473],"ix":2},"a":{"a":0,"k":[0,0],"ix":1},"s":{"a":0,"k":[100,100],"ix":3},"r":{"a":0,"k":0,"ix":6},"o":{"a":0,"k":100,"ix":7},"sk":{"a":0,"k":0,"ix":4},"sa":{"a":0,"k":0,"ix":5},"nm":"Transform"}],"nm":"Group 27","np":4,"cix":2,"bm":0,"ix":14,"mn":"ADBE Vector Group","hd":false},{"ty":"gr","it":[{"ind":0,"ty":"sh","ix":1,"ks":{"a":0,"k":{"i":[[0,0.432],[0,0],[0.899,0],[0,0],[0.035,-0.873],[0,0],[-0.322,-0.321],[0,0],[-0.635,0.635],[0,0]],"o":[[0,0],[0,-0.899],[0,0],[-0.874,0],[0,0],[-0.018,0.453],[0,0],[0.635,0.635],[0,0],[0.305,-0.306]],"v":[[5.305,0.588],[5.305,-4.38],[3.677,-6.008],[-3.469,-6.008],[-5.096,-4.444],[-5.287,0.454],[-4.811,1.668],[-1.107,5.373],[1.194,5.373],[4.828,1.74]],"c":true},"ix":2},"nm":"Path 1","mn":"ADBE Vector Shape - Group","hd":false},{"ty":"fl","c":{"a":0,"k":[0.026164524228,0.021755850549,0.023197772456,1],"ix":4},"o":{"a":0,"k":100,"ix":5},"r":1,"bm":0,"nm":"Fill 1","mn":"ADBE Vector Graphic - Fill","hd":false},{"ty":"tr","p":{"a":0,"k":[430.026,105.965],"ix":2},"a":{"a":0,"k":[0,0],"ix":1},"s":{"a":0,"k":[100,100],"ix":3},"r":{"a":0,"k":0,"ix":6},"o":{"a":0,"k":100,"ix":7},"sk":{"a":0,"k":0,"ix":4},"sa":{"a":0,"k":0,"ix":5},"nm":"Transform"}],"nm":"Group 28","np":2,"cix":2,"bm":0,"ix":15,"mn":"ADBE Vector Group","hd":false},{"ty":"gr","it":[{"ind":0,"ty":"sh","ix":1,"ks":{"a":0,"k":{"i":[[0,-1.147],[1.3,0.755],[0,0.549],[-0.642,0.255]],"o":[[0,1.237],[-0.474,-0.275],[0,-0.69],[1.206,-0.478]],"v":[[1.692,-0.069],[-0.955,1.351],[-1.691,-0.01],[-0.672,-1.628]],"c":true},"ix":2},"nm":"Path 1","mn":"ADBE Vector Shape - Group","hd":false},{"ty":"fl","c":{"a":0,"k":[0.026164524228,0.021755850549,0.023197772456,1],"ix":4},"o":{"a":0,"k":100,"ix":5},"r":1,"bm":0,"nm":"Fill 1","mn":"ADBE Vector Graphic - Fill","hd":false},{"ty":"tr","p":{"a":0,"k":[417.909,99.004],"ix":2},"a":{"a":0,"k":[0,0],"ix":1},"s":{"a":0,"k":[100,100],"ix":3},"r":{"a":0,"k":0,"ix":6},"o":{"a":0,"k":100,"ix":7},"sk":{"a":0,"k":0,"ix":4},"sa":{"a":0,"k":0,"ix":5},"nm":"Transform"}],"nm":"Group 29","np":2,"cix":2,"bm":0,"ix":16,"mn":"ADBE Vector Group","hd":false},{"ty":"gr","it":[{"ind":0,"ty":"sh","ix":1,"ks":{"a":0,"k":{"i":[[0.93,0],[0,0.93],[-0.93,0],[0,-0.93]],"o":[[-0.93,0],[0,-0.93],[0.93,0],[0,0.93]],"v":[[0.001,1.691],[-1.691,0],[0.001,-1.691],[1.692,0]],"c":true},"ix":2},"nm":"Path 1","mn":"ADBE Vector Shape - Group","hd":false},{"ty":"fl","c":{"a":0,"k":[0.026164524228,0.021755850549,0.023197772456,1],"ix":4},"o":{"a":0,"k":100,"ix":5},"r":1,"bm":0,"nm":"Fill 1","mn":"ADBE Vector Graphic - Fill","hd":false},{"ty":"tr","p":{"a":0,"k":[417.909,104.753],"ix":2},"a":{"a":0,"k":[0,0],"ix":1},"s":{"a":0,"k":[100,100],"ix":3},"r":{"a":0,"k":0,"ix":6},"o":{"a":0,"k":100,"ix":7},"sk":{"a":0,"k":0,"ix":4},"sa":{"a":0,"k":0,"ix":5},"nm":"Transform"}],"nm":"Group 30","np":2,"cix":2,"bm":0,"ix":17,"mn":"ADBE Vector Group","hd":false},{"ty":"gr","it":[{"ind":0,"ty":"sh","ix":1,"ks":{"a":0,"k":{"i":[[0.93,0],[0,0.93],[-0.93,0],[0,-0.931]],"o":[[-0.93,0],[0,-0.931],[0.93,0],[0,0.93]],"v":[[0.001,1.69],[-1.691,0],[0.001,-1.69],[1.692,0]],"c":true},"ix":2},"nm":"Path 1","mn":"ADBE Vector Shape - Group","hd":false},{"ty":"fl","c":{"a":0,"k":[0.026164524228,0.021755850549,0.023197772456,1],"ix":4},"o":{"a":0,"k":100,"ix":5},"r":1,"bm":0,"nm":"Fill 1","mn":"ADBE Vector Graphic - Fill","hd":false},{"ty":"tr","p":{"a":0,"k":[417.909,110.571],"ix":2},"a":{"a":0,"k":[0,0],"ix":1},"s":{"a":0,"k":[100,100],"ix":3},"r":{"a":0,"k":0,"ix":6},"o":{"a":0,"k":100,"ix":7},"sk":{"a":0,"k":0,"ix":4},"sa":{"a":0,"k":0,"ix":5},"nm":"Transform"}],"nm":"Group 31","np":2,"cix":2,"bm":0,"ix":18,"mn":"ADBE Vector Group","hd":false},{"ty":"gr","it":[{"ind":0,"ty":"sh","ix":1,"ks":{"a":0,"k":{"i":[[0,-1.147],[1.3,0.754],[0,0.548],[-0.641,0.255]],"o":[[0,1.237],[-0.474,-0.275],[0,-0.69],[1.205,-0.48]],"v":[[1.691,-0.068],[-0.956,1.353],[-1.691,-0.009],[-0.673,-1.627]],"c":true},"ix":2},"nm":"Path 1","mn":"ADBE Vector Shape - Group","hd":false},{"ty":"fl","c":{"a":0,"k":[0.026164524228,0.021755850549,0.023197772456,1],"ix":4},"o":{"a":0,"k":100,"ix":5},"r":1,"bm":0,"nm":"Fill 1","mn":"ADBE Vector Graphic - Fill","hd":false},{"ty":"tr","p":{"a":0,"k":[423.861,65.319],"ix":2},"a":{"a":0,"k":[0,0],"ix":1},"s":{"a":0,"k":[100,100],"ix":3},"r":{"a":0,"k":0,"ix":6},"o":{"a":0,"k":100,"ix":7},"sk":{"a":0,"k":0,"ix":4},"sa":{"a":0,"k":0,"ix":5},"nm":"Transform"}],"nm":"Group 32","np":2,"cix":2,"bm":0,"ix":19,"mn":"ADBE Vector Group","hd":false},{"ty":"gr","it":[{"ind":0,"ty":"sh","ix":1,"ks":{"a":0,"k":{"i":[[0,-1.147],[1.301,0.754],[0,0.548],[-0.641,0.255]],"o":[[0,1.237],[-0.474,-0.275],[0,-0.69],[1.206,-0.48]],"v":[[1.691,-0.068],[-0.956,1.353],[-1.691,-0.009],[-0.673,-1.627]],"c":true},"ix":2},"nm":"Path 1","mn":"ADBE Vector Shape - Group","hd":false},{"ty":"fl","c":{"a":0,"k":[0.026164524228,0.021755850549,0.023197772456,1],"ix":4},"o":{"a":0,"k":100,"ix":5},"r":1,"bm":0,"nm":"Fill 1","mn":"ADBE Vector Graphic - Fill","hd":false},{"ty":"tr","p":{"a":0,"k":[411.747,65.319],"ix":2},"a":{"a":0,"k":[0,0],"ix":1},"s":{"a":0,"k":[100,100],"ix":3},"r":{"a":0,"k":0,"ix":6},"o":{"a":0,"k":100,"ix":7},"sk":{"a":0,"k":0,"ix":4},"sa":{"a":0,"k":0,"ix":5},"nm":"Transform"}],"nm":"Group 33","np":2,"cix":2,"bm":0,"ix":20,"mn":"ADBE Vector Group","hd":false},{"ty":"gr","it":[{"ind":0,"ty":"sh","ix":1,"ks":{"a":0,"k":{"i":[[0.66,4.458],[0,0],[5.806,2.2],[1.342,0.254],[1.036,-0.763],[0,0],[0,0],[1.186,-0.097],[2.638,-1.295],[-0.371,0],[-0.953,-2.173],[0.935,-1.62],[0,0],[4.28,0],[0,0],[1.202,0.539],[0,-1.214],[0,0],[-3.459,0],[0,0],[-0.993,0.659],[0,0],[-5.511,-0.26],[0,5.824],[0,0],[-1.255,0.183],[0,0],[0,-1.64],[0,0],[-5.511,-0.26],[0,5.824],[0,0],[0,0]],"o":[[0,0],[-0.971,-6.132],[-1.43,-0.542],[-1.265,-0.239],[0,0],[0,0],[-0.916,-0.759],[-2.957,0.24],[-0.37,0.182],[2.152,0],[0.752,1.714],[0,0],[-1.188,4.082],[0,0],[-1.401,0],[-1.107,-0.498],[0,0],[0,3.459],[0,0],[1.274,0],[0,0],[0,5.518],[5.885,0.277],[0,0],[0,-1.64],[0,0],[1.259,0.182],[0,0],[0,5.518],[5.885,0.277],[0,0],[0,0],[4.506,0]],"v":[[32.613,-1.602],[26.687,-41.632],[15.72,-55.098],[11.503,-56.343],[7.898,-55.509],[0.995,-50.43],[-5.039,-55.427],[-8.314,-56.492],[-16.778,-54.16],[-16.422,-53.137],[-11.228,-49.735],[-11.609,-44.416],[-16.561,-35.84],[-25.846,-28.851],[-26.983,-28.851],[-30.917,-29.691],[-33.273,-28.13],[-33.273,-22.633],[-26.983,-16.345],[-25.846,-16.345],[-22.392,-17.389],[-22.392,45.786],[-12.64,56.311],[-1.898,46.075],[-1.898,6.433],[0.486,3.704],[2.399,3.704],[4.791,6.433],[4.791,45.786],[14.542,56.311],[25.285,46.075],[25.312,46.075],[25.312,6.859]],"c":true},"ix":2},"nm":"Path 1","mn":"ADBE Vector Shape - Group","hd":false},{"ty":"fl","c":{"a":0,"k":[0.011764705882,0.337254901961,0.607843137255,1],"ix":4},"o":{"a":0,"k":100,"ix":5},"r":1,"bm":0,"nm":"Fill 1","mn":"ADBE Vector Graphic - Fill","hd":false},{"ty":"tr","p":{"a":0,"k":[416.576,140.565],"ix":2},"a":{"a":0,"k":[0,0],"ix":1},"s":{"a":0,"k":[100,100],"ix":3},"r":{"a":0,"k":0,"ix":6},"o":{"a":0,"k":100,"ix":7},"sk":{"a":0,"k":0,"ix":4},"sa":{"a":0,"k":0,"ix":5},"nm":"Transform"}],"nm":"Group 34","np":2,"cix":2,"bm":0,"ix":21,"mn":"ADBE Vector Group","hd":false},{"ty":"gr","it":[{"ind":0,"ty":"sh","ix":1,"ks":{"a":0,"k":{"i":[[0.183,0],[0,-0.184],[-0.184,0],[0,0.183]],"o":[[-0.184,0],[0,0.183],[0.183,0],[0,-0.184]],"v":[[0,-0.338],[-0.338,0],[0,0.338],[0.338,0]],"c":true},"ix":2},"nm":"Path 1","mn":"ADBE Vector Shape - Group","hd":false},{"ty":"fl","c":{"a":0,"k":[0.026164524228,0.021755850549,0.023197772456,1],"ix":4},"o":{"a":0,"k":100,"ix":5},"r":1,"bm":0,"nm":"Fill 1","mn":"ADBE Vector Graphic - Fill","hd":false},{"ty":"tr","p":{"a":0,"k":[417.91,110.571],"ix":2},"a":{"a":0,"k":[0,0],"ix":1},"s":{"a":0,"k":[100,100],"ix":3},"r":{"a":0,"k":0,"ix":6},"o":{"a":0,"k":100,"ix":7},"sk":{"a":0,"k":0,"ix":4},"sa":{"a":0,"k":0,"ix":5},"nm":"Transform"}],"nm":"Group 35","np":2,"cix":2,"bm":0,"ix":22,"mn":"ADBE Vector Group","hd":false},{"ty":"gr","it":[{"ind":0,"ty":"sh","ix":1,"ks":{"a":0,"k":{"i":[[0.183,0],[0,-0.183],[-0.184,0],[0,0.184]],"o":[[-0.184,0],[0,0.184],[0.183,0],[0,-0.183]],"v":[[0,-0.338],[-0.338,-0.001],[0,0.338],[0.338,-0.001]],"c":true},"ix":2},"nm":"Path 1","mn":"ADBE Vector Shape - Group","hd":false},{"ty":"fl","c":{"a":0,"k":[0.026164524228,0.021755850549,0.023197772456,1],"ix":4},"o":{"a":0,"k":100,"ix":5},"r":1,"bm":0,"nm":"Fill 1","mn":"ADBE Vector Graphic - Fill","hd":false},{"ty":"tr","p":{"a":0,"k":[417.91,98.935],"ix":2},"a":{"a":0,"k":[0,0],"ix":1},"s":{"a":0,"k":[100,100],"ix":3},"r":{"a":0,"k":0,"ix":6},"o":{"a":0,"k":100,"ix":7},"sk":{"a":0,"k":0,"ix":4},"sa":{"a":0,"k":0,"ix":5},"nm":"Transform"}],"nm":"Group 36","np":2,"cix":2,"bm":0,"ix":23,"mn":"ADBE Vector Group","hd":false},{"ty":"gr","it":[{"ind":0,"ty":"sh","ix":1,"ks":{"a":0,"k":{"i":[[0.183,0],[0,-0.183],[-0.184,0],[0,0.183]],"o":[[-0.184,0],[0,0.183],[0.183,0],[0,-0.183]],"v":[[0,-0.338],[-0.338,0],[0,0.338],[0.338,0]],"c":true},"ix":2},"nm":"Path 1","mn":"ADBE Vector Shape - Group","hd":false},{"ty":"fl","c":{"a":0,"k":[0.026164524228,0.021755850549,0.023197772456,1],"ix":4},"o":{"a":0,"k":100,"ix":5},"r":1,"bm":0,"nm":"Fill 1","mn":"ADBE Vector Graphic - Fill","hd":false},{"ty":"tr","p":{"a":0,"k":[417.91,104.753],"ix":2},"a":{"a":0,"k":[0,0],"ix":1},"s":{"a":0,"k":[100,100],"ix":3},"r":{"a":0,"k":0,"ix":6},"o":{"a":0,"k":100,"ix":7},"sk":{"a":0,"k":0,"ix":4},"sa":{"a":0,"k":0,"ix":5},"nm":"Transform"}],"nm":"Group 37","np":2,"cix":2,"bm":0,"ix":24,"mn":"ADBE Vector Group","hd":false},{"ty":"gr","it":[{"ind":0,"ty":"sh","ix":1,"ks":{"a":0,"k":{"i":[[0.536,2.582],[1.837,2.802],[0.52,1.958],[0.355,0.281],[0.341,0.121],[3.337,1.059],[2.257,1.621],[0.471,0.001],[0.353,-0.123],[4.025,-1.475],[2.798,-0.095],[0.374,-0.302],[0.198,-0.325],[1.254,-2.303],[1.531,-1.286],[-0.005,-0.856],[-0.329,-0.526],[-1.55,-2.559],[-0.119,-1.214],[-0.67,-0.37],[-0.565,0],[0,0],[-0.523,-0.353],[-7.704,0],[-4.776,3.216],[-0.631,0],[0,0],[-0.592,0.989],[-1.492,2.412],[-0.96,0.599]],"o":[[-1.518,-1.243],[-1.957,-2.984],[-0.136,-0.212],[-0.28,-0.222],[-2.339,-0.144],[-4.466,-1.418],[-0.24,-0.086],[-0.369,-0.002],[-2.107,1.559],[-4.561,1.672],[-0.243,0.085],[-0.291,0.236],[-0.363,1.632],[-1.773,3.256],[-0.151,0.25],[0.005,0.598],[1.058,0.646],[1.427,2.355],[0.156,0.247],[0.478,0.265],[0,0],[0.631,0],[4.777,3.216],[7.704,0],[0.523,-0.353],[0,0],[1.154,0],[0.075,-1.143],[1.381,-2.231],[0.15,-0.251]],"v":[[30.767,0.59],[25.378,-5.402],[21.913,-13.161],[21.193,-13.955],[20.257,-14.475],[11.585,-16.088],[1.476,-21.167],[0.387,-21.357],[-0.703,-21.175],[-9.911,-16.213],[-21.319,-13.99],[-22.302,-13.444],[-23.042,-12.598],[-25.319,-6.521],[-30.822,0.198],[-31.298,1.925],[-30.798,3.645],[-26.189,8.266],[-24.264,14.061],[-23.073,15.187],[-21.486,15.597],[-21.184,15.597],[-19.406,16.121],[-0.002,21.359],[19.402,16.121],[21.18,15.597],[22.057,15.597],[24.871,14.001],[26.743,8.142],[30.824,4.049]],"c":true},"ix":2},"nm":"Path 1","mn":"ADBE Vector Shape - Group","hd":false},{"ty":"fl","c":{"a":0,"k":[0.026164524228,0.021755850549,0.023197772456,1],"ix":4},"o":{"a":0,"k":100,"ix":5},"r":1,"bm":0,"nm":"Fill 1","mn":"ADBE Vector Graphic - Fill","hd":false},{"ty":"tr","p":{"a":0,"k":[418.499,38.656],"ix":2},"a":{"a":0,"k":[0,0],"ix":1},"s":{"a":0,"k":[100,100],"ix":3},"r":{"a":0,"k":0,"ix":6},"o":{"a":0,"k":100,"ix":7},"sk":{"a":0,"k":0,"ix":4},"sa":{"a":0,"k":0,"ix":5},"nm":"Transform"}],"nm":"Group 39","np":2,"cix":2,"bm":0,"ix":25,"mn":"ADBE Vector Group","hd":false},{"ty":"gr","it":[{"ind":0,"ty":"sh","ix":1,"ks":{"a":0,"k":{"i":[[9.375,0],[0,-10.052],[-9.374,0],[0,10.052]],"o":[[-9.374,0],[0,10.052],[9.375,0],[0,-10.052]],"v":[[0,-18.2],[-16.974,0],[0,18.2],[16.974,0]],"c":true},"ix":2},"nm":"Path 1","mn":"ADBE Vector Shape - Group","hd":false},{"ind":1,"ty":"sh","ix":2,"ks":{"a":0,"k":{"i":[[-7.494,0],[0,-8.17],[7.495,0],[0,8.171]],"o":[[7.495,0],[0,8.171],[-7.494,0],[0,-8.17]],"v":[[0,-14.817],[13.592,0],[0,14.817],[-13.592,0]],"c":true},"ix":2},"nm":"Path 2","mn":"ADBE Vector Shape - Group","hd":false},{"ty":"mm","mm":1,"nm":"Merge Paths 1","mn":"ADBE Vector Filter - Merge","hd":false},{"ty":"fl","c":{"a":0,"k":[0.026164524228,0.021755850549,0.023197772456,1],"ix":4},"o":{"a":0,"k":100,"ix":5},"r":1,"bm":0,"nm":"Fill 1","mn":"ADBE Vector Graphic - Fill","hd":false},{"ty":"tr","p":{"a":0,"k":[417.397,63.559],"ix":2},"a":{"a":0,"k":[0,0],"ix":1},"s":{"a":0,"k":[100,100],"ix":3},"r":{"a":0,"k":0,"ix":6},"o":{"a":0,"k":100,"ix":7},"sk":{"a":0,"k":0,"ix":4},"sa":{"a":0,"k":0,"ix":5},"nm":"Transform"}],"nm":"Group 40","np":4,"cix":2,"bm":0,"ix":26,"mn":"ADBE Vector Group","hd":false},{"ty":"gr","it":[{"ind":0,"ty":"sh","ix":1,"ks":{"a":0,"k":{"i":[[0,-10.052],[9.375,0],[0,10.052],[-9.374,0]],"o":[[0,10.052],[-9.374,0],[0,-10.052],[9.375,0]],"v":[[16.974,0],[0,18.2],[-16.974,0],[0,-18.2]],"c":true},"ix":2},"nm":"Path 1","mn":"ADBE Vector Shape - Group","hd":false},{"ty":"fl","c":{"a":0,"k":[0.942846440334,0.942906996783,0.935226679783,1],"ix":4},"o":{"a":0,"k":100,"ix":5},"r":1,"bm":0,"nm":"Fill 1","mn":"ADBE Vector Graphic - Fill","hd":false},{"ty":"tr","p":{"a":0,"k":[417.397,63.559],"ix":2},"a":{"a":0,"k":[0,0],"ix":1},"s":{"a":0,"k":[100,100],"ix":3},"r":{"a":0,"k":0,"ix":6},"o":{"a":0,"k":100,"ix":7},"sk":{"a":0,"k":0,"ix":4},"sa":{"a":0,"k":0,"ix":5},"nm":"Transform"}],"nm":"Group 41","np":2,"cix":2,"bm":0,"ix":27,"mn":"ADBE Vector Group","hd":false}],"ip":0,"op":600,"st":0,"bm":0}],"markers":[]}