{"v":"5.9.3","fr":29.9700012207031,"ip":0,"op":90.0000036657751,"w":512,"h":512,"nm":"group","ddd":0,"assets":[],"layers":[{"ddd":0,"ind":1,"ty":4,"nm":"man head","parent":2,"sr":1,"ks":{"o":{"a":0,"k":100,"ix":11},"r":{"a":1,"k":[{"i":{"x":[0.833],"y":[1]},"o":{"x":[0.167],"y":[0]},"t":0,"s":[0]},{"i":{"x":[0.833],"y":[1]},"o":{"x":[0.167],"y":[0]},"t":1,"s":[0]},{"i":{"x":[0.833],"y":[1]},"o":{"x":[0.167],"y":[0]},"t":2,"s":[0]},{"i":{"x":[0.833],"y":[1]},"o":{"x":[0.167],"y":[0]},"t":3,"s":[0]},{"i":{"x":[0.833],"y":[1]},"o":{"x":[0.167],"y":[0]},"t":4,"s":[0]},{"i":{"x":[0.833],"y":[1]},"o":{"x":[0.167],"y":[0]},"t":5,"s":[0]},{"i":{"x":[0.833],"y":[0.916]},"o":{"x":[0.167],"y":[0]},"t":6,"s":[0]},{"i":{"x":[0.833],"y":[0.833]},"o":{"x":[0.167],"y":[0.083]},"t":7,"s":[0]},{"i":{"x":[0.833],"y":[0.833]},"o":{"x":[0.167],"y":[0.167]},"t":8,"s":[1.01]},{"i":{"x":[0.833],"y":[0.833]},"o":{"x":[0.167],"y":[0.167]},"t":9,"s":[2.02]},{"i":{"x":[0.833],"y":[0.833]},"o":{"x":[0.167],"y":[0.167]},"t":10,"s":[3.03]},{"i":{"x":[0.833],"y":[0.893]},"o":{"x":[0.167],"y":[0.167]},"t":11,"s":[4.04]},{"i":{"x":[0.833],"y":[1.249]},"o":{"x":[0.167],"y":[0.38]},"t":12,"s":[5.05]},{"i":{"x":[0.833],"y":[0.799]},"o":{"x":[0.167],"y":[0.062]},"t":13,"s":[5.334]},{"i":{"x":[0.833],"y":[0.812]},"o":{"x":[0.167],"y":[0.142]},"t":14,"s":[4.201]},{"i":{"x":[0.833],"y":[0.821]},"o":{"x":[0.167],"y":[0.15]},"t":15,"s":[2.601]},{"i":{"x":[0.833],"y":[0.828]},"o":{"x":[0.167],"y":[0.156]},"t":16,"s":[0.599]},{"i":{"x":[0.833],"y":[0.835]},"o":{"x":[0.167],"y":[0.161]},"t":17,"s":[-1.687]},{"i":{"x":[0.833],"y":[0.901]},"o":{"x":[0.167],"y":[0.169]},"t":18,"s":[-4.127]},{"i":{"x":[0.833],"y":[0.994]},"o":{"x":[0.167],"y":[0.515]},"t":19,"s":[-6.508]},{"i":{"x":[0.833],"y":[0.695]},"o":{"x":[0.167],"y":[-0.007]},"t":20,"s":[-6.967]},{"i":{"x":[0.833],"y":[0.8]},"o":{"x":[0.167],"y":[0.115]},"t":21,"s":[-6.542]},{"i":{"x":[0.833],"y":[0.823]},"o":{"x":[0.167],"y":[0.143]},"t":22,"s":[-5.411]},{"i":{"x":[0.833],"y":[0.834]},"o":{"x":[0.167],"y":[0.157]},"t":23,"s":[-3.824]},{"i":{"x":[0.833],"y":[0.879]},"o":{"x":[0.167],"y":[0.167]},"t":24,"s":[-2.035]},{"i":{"x":[0.833],"y":[0.942]},"o":{"x":[0.167],"y":[0.267]},"t":25,"s":[-0.263]},{"i":{"x":[0.833],"y":[0.706]},"o":{"x":[0.167],"y":[-0.189]},"t":26,"s":[0.543]},{"i":{"x":[0.833],"y":[0.793]},"o":{"x":[0.167],"y":[0.116]},"t":27,"s":[0.296]},{"i":{"x":[0.833],"y":[0.816]},"o":{"x":[0.167],"y":[0.14]},"t":28,"s":[-0.328]},{"i":{"x":[0.833],"y":[0.827]},"o":{"x":[0.167],"y":[0.152]},"t":29,"s":[-1.252]},{"i":{"x":[0.833],"y":[0.834]},"o":{"x":[0.167],"y":[0.161]},"t":30,"s":[-2.371]},{"i":{"x":[0.833],"y":[0.838]},"o":{"x":[0.167],"y":[0.167]},"t":31,"s":[-3.576]},{"i":{"x":[0.833],"y":[0.841]},"o":{"x":[0.167],"y":[0.172]},"t":32,"s":[-4.774]},{"i":{"x":[0.833],"y":[0.876]},"o":{"x":[0.167],"y":[0.175]},"t":33,"s":[-5.899]},{"i":{"x":[0.833],"y":[0.902]},"o":{"x":[0.167],"y":[0.254]},"t":34,"s":[-6.918]},{"i":{"x":[0.833],"y":[1.191]},"o":{"x":[0.167],"y":[0.557]},"t":35,"s":[-7.417]},{"i":{"x":[0.833],"y":[0.733]},"o":{"x":[0.167],"y":[0.058]},"t":36,"s":[-7.505]},{"i":{"x":[0.833],"y":[0.798]},"o":{"x":[0.167],"y":[0.121]},"t":37,"s":[-7.216]},{"i":{"x":[0.833],"y":[0.818]},"o":{"x":[0.167],"y":[0.142]},"t":38,"s":[-6.58]},{"i":{"x":[0.833],"y":[0.828]},"o":{"x":[0.167],"y":[0.154]},"t":39,"s":[-5.678]},{"i":{"x":[0.833],"y":[0.835]},"o":{"x":[0.167],"y":[0.162]},"t":40,"s":[-4.613]},{"i":{"x":[0.833],"y":[0.839]},"o":{"x":[0.167],"y":[0.168]},"t":41,"s":[-3.485]},{"i":{"x":[0.833],"y":[0.842]},"o":{"x":[0.167],"y":[0.173]},"t":42,"s":[-2.379]},{"i":{"x":[0.833],"y":[0.878]},"o":{"x":[0.167],"y":[0.176]},"t":43,"s":[-1.35]},{"i":{"x":[0.833],"y":[0.766]},"o":{"x":[0.167],"y":[0.265]},"t":44,"s":[-0.425]},{"i":{"x":[0.833],"y":[0.871]},"o":{"x":[0.167],"y":[0.13]},"t":45,"s":[0]},{"i":{"x":[0.833],"y":[0.897]},"o":{"x":[0.167],"y":[0.236]},"t":46,"s":[0.766]},{"i":{"x":[0.833],"y":[1.043]},"o":{"x":[0.167],"y":[0.439]},"t":47,"s":[1.184]},{"i":{"x":[0.833],"y":[0.748]},"o":{"x":[0.167],"y":[0.028]},"t":48,"s":[1.282]},{"i":{"x":[0.833],"y":[0.817]},"o":{"x":[0.167],"y":[0.125]},"t":49,"s":[1.134]},{"i":{"x":[0.833],"y":[0.838]},"o":{"x":[0.167],"y":[0.153]},"t":50,"s":[0.835]},{"i":{"x":[0.833],"y":[0.851]},"o":{"x":[0.167],"y":[0.172]},"t":51,"s":[0.479]},{"i":{"x":[0.833],"y":[0.864]},"o":{"x":[0.167],"y":[0.189]},"t":52,"s":[0.142]},{"i":{"x":[0.833],"y":[0.882]},"o":{"x":[0.167],"y":[0.214]},"t":53,"s":[-0.124]},{"i":{"x":[0.833],"y":[0.929]},"o":{"x":[0.167],"y":[0.281]},"t":54,"s":[-0.293]},{"i":{"x":[0.833],"y":[0.398]},"o":{"x":[0.167],"y":[-0.461]},"t":55,"s":[-0.364]},{"i":{"x":[0.833],"y":[0.797]},"o":{"x":[0.167],"y":[0.097]},"t":56,"s":[-0.353]},{"i":{"x":[0.833],"y":[0.83]},"o":{"x":[0.167],"y":[0.142]},"t":57,"s":[-0.285]},{"i":{"x":[0.833],"y":[0.845]},"o":{"x":[0.167],"y":[0.163]},"t":58,"s":[-0.188]},{"i":{"x":[0.833],"y":[0.857]},"o":{"x":[0.167],"y":[0.18]},"t":59,"s":[-0.086]},{"i":{"x":[0.833],"y":[0.871]},"o":{"x":[0.167],"y":[0.2]},"t":60,"s":[0.001]},{"i":{"x":[0.833],"y":[0.898]},"o":{"x":[0.167],"y":[0.237]},"t":61,"s":[0.064]},{"i":{"x":[0.833],"y":[1.051]},"o":{"x":[0.167],"y":[0.451]},"t":62,"s":[0.098]},{"i":{"x":[0.833],"y":[0.751]},"o":{"x":[0.167],"y":[0.032]},"t":63,"s":[0.105]},{"i":{"x":[0.833],"y":[0.818]},"o":{"x":[0.167],"y":[0.125]},"t":64,"s":[0.093]},{"i":{"x":[0.833],"y":[0.838]},"o":{"x":[0.167],"y":[0.154]},"t":65,"s":[0.068]},{"i":{"x":[0.833],"y":[0.851]},"o":{"x":[0.167],"y":[0.172]},"t":66,"s":[0.039]},{"i":{"x":[0.833],"y":[0.864]},"o":{"x":[0.167],"y":[0.189]},"t":67,"s":[0.011]},{"i":{"x":[0.833],"y":[0.882]},"o":{"x":[0.167],"y":[0.215]},"t":68,"s":[-0.01]},{"i":{"x":[0.833],"y":[0.931]},"o":{"x":[0.167],"y":[0.283]},"t":69,"s":[-0.024]},{"i":{"x":[0.833],"y":[0.439]},"o":{"x":[0.167],"y":[-0.404]},"t":70,"s":[-0.03]},{"i":{"x":[0.833],"y":[0.798]},"o":{"x":[0.167],"y":[0.098]},"t":71,"s":[-0.029]},{"i":{"x":[0.833],"y":[0.83]},"o":{"x":[0.167],"y":[0.142]},"t":72,"s":[-0.023]},{"i":{"x":[0.833],"y":[0.845]},"o":{"x":[0.167],"y":[0.163]},"t":73,"s":[-0.015]},{"i":{"x":[0.833],"y":[0.857]},"o":{"x":[0.167],"y":[0.18]},"t":74,"s":[-0.007]},{"i":{"x":[0.833],"y":[0.872]},"o":{"x":[0.167],"y":[0.2]},"t":75,"s":[0]},{"i":{"x":[0.833],"y":[0.898]},"o":{"x":[0.167],"y":[0.238]},"t":76,"s":[0.005]},{"i":{"x":[0.833],"y":[1.06]},"o":{"x":[0.167],"y":[0.464]},"t":77,"s":[0.008]},{"i":{"x":[0.833],"y":[0.753]},"o":{"x":[0.167],"y":[0.035]},"t":78,"s":[0.009]},{"i":{"x":[0.833],"y":[0.818]},"o":{"x":[0.167],"y":[0.126]},"t":79,"s":[0.008]},{"i":{"x":[0.833],"y":[0.838]},"o":{"x":[0.167],"y":[0.154]},"t":80,"s":[0.006]},{"i":{"x":[0.833],"y":[0.851]},"o":{"x":[0.167],"y":[0.172]},"t":81,"s":[0.003]},{"i":{"x":[0.833],"y":[0.864]},"o":{"x":[0.167],"y":[0.19]},"t":82,"s":[0.001]},{"i":{"x":[0.833],"y":[0.882]},"o":{"x":[0.167],"y":[0.215]},"t":83,"s":[-0.001]},{"i":{"x":[0.833],"y":[0.932]},"o":{"x":[0.167],"y":[0.285]},"t":84,"s":[-0.002]},{"i":{"x":[0.833],"y":[0.473]},"o":{"x":[0.167],"y":[-0.356]},"t":85,"s":[-0.002]},{"i":{"x":[0.833],"y":[0.799]},"o":{"x":[0.167],"y":[0.099]},"t":86,"s":[-0.002]},{"i":{"x":[0.833],"y":[0.83]},"o":{"x":[0.167],"y":[0.142]},"t":87,"s":[-0.002]},{"i":{"x":[0.833],"y":[0.833]},"o":{"x":[0.167],"y":[0.164]},"t":88,"s":[-0.001]},{"t":89.0000036250443,"s":[-0.001]}],"ix":10},"p":{"a":0,"k":[254.5,290,0],"ix":2,"l":2},"a":{"a":0,"k":[254.5,290,0],"ix":1,"l":2},"s":{"a":0,"k":[100,100,100],"ix":6,"l":2}},"ao":0,"shapes":[{"ty":"gr","it":[{"ind":0,"ty":"sh","ix":1,"ks":{"a":0,"k":{"i":[[0.836,0],[0.159,0.04],[0,0],[-0.263,1.003],[-1.011,-0.258],[0,0],[0.264,-1.003]],"o":[[-0.153,0],[0,0],[-1.004,-0.262],[0.261,-0.999],[0,0],[1.004,0.263],[-0.219,0.843]],"v":[[5.95,3.53],[5.477,3.47],[-6.424,0.362],[-7.766,-1.931],[-5.478,-3.272],[6.424,-0.163],[7.765,2.129]],"c":true},"ix":2},"nm":"Path 1","mn":"ADBE Vector Shape - Group","hd":false},{"ty":"fl","c":{"a":0,"k":[0,0,0,1],"ix":4},"o":{"a":0,"k":100,"ix":5},"r":1,"bm":0,"nm":"Fill 1","mn":"ADBE Vector Graphic - Fill","hd":false},{"ty":"tr","p":{"a":0,"k":[298.251,218.507],"ix":2},"a":{"a":0,"k":[0,0],"ix":1},"s":{"a":0,"k":[100,100],"ix":3},"r":{"a":0,"k":0,"ix":6},"o":{"a":0,"k":100,"ix":7},"sk":{"a":0,"k":0,"ix":4},"sa":{"a":0,"k":0,"ix":5},"nm":"Transform"}],"nm":"Group 1","np":2,"cix":2,"bm":0,"ix":1,"mn":"ADBE Vector Group","hd":false},{"ty":"gr","it":[{"ind":0,"ty":"sh","ix":1,"ks":{"a":0,"k":{"i":[[0.491,0],[0.368,0.352],[-0.721,0.746],[0,0],[-0.748,-0.719],[0.721,-0.747],[0,0]],"o":[[-0.47,0],[-0.744,-0.721],[0,0],[0.719,-0.742],[0.744,0.72],[0,0],[-0.367,0.382]],"v":[[-6.892,9.112],[-8.199,8.586],[-8.242,5.932],[5.543,-8.345],[8.198,-8.393],[8.242,-5.738],[-5.543,8.538]],"c":true},"ix":2},"nm":"Path 1","mn":"ADBE Vector Shape - Group","hd":false},{"ty":"fl","c":{"a":0,"k":[0,0,0,1],"ix":4},"o":{"a":0,"k":100,"ix":5},"r":1,"bm":0,"nm":"Fill 1","mn":"ADBE Vector Graphic - Fill","hd":false},{"ty":"tr","p":{"a":0,"k":[292.447,216.412],"ix":2},"a":{"a":0,"k":[0,0],"ix":1},"s":{"a":0,"k":[100,100],"ix":3},"r":{"a":0,"k":0,"ix":6},"o":{"a":0,"k":100,"ix":7},"sk":{"a":0,"k":0,"ix":4},"sa":{"a":0,"k":0,"ix":5},"nm":"Transform"}],"nm":"Group 2","np":2,"cix":2,"bm":0,"ix":2,"mn":"ADBE Vector Group","hd":false},{"ty":"gr","it":[{"ind":0,"ty":"sh","ix":1,"ks":{"a":0,"k":{"i":[[13.759,-53.436],[-7.267,-6.006],[-25.541,10.904],[0,0]],"o":[[0,0],[7.268,6.006],[25.541,-10.904],[0,0]],"v":[[-45.607,-1.224],[-21.309,-2.072],[20.066,43.755],[32.395,0.352]],"c":true},"ix":2},"nm":"Path 1","mn":"ADBE Vector Shape - Group","hd":false},{"ty":"fl","c":{"a":0,"k":[0,0,0,1],"ix":4},"o":{"a":0,"k":100,"ix":5},"r":1,"bm":0,"nm":"Fill 1","mn":"ADBE Vector Graphic - Fill","hd":false},{"ty":"tr","p":{"a":0,"k":[263.528,157.364],"ix":2},"a":{"a":0,"k":[0,0],"ix":1},"s":{"a":0,"k":[100,100],"ix":3},"r":{"a":0,"k":0,"ix":6},"o":{"a":0,"k":100,"ix":7},"sk":{"a":0,"k":0,"ix":4},"sa":{"a":0,"k":0,"ix":5},"nm":"Transform"}],"nm":"Group 3","np":2,"cix":2,"bm":0,"ix":3,"mn":"ADBE Vector Group","hd":false},{"ty":"gr","it":[{"ind":0,"ty":"sh","ix":1,"ks":{"a":0,"k":{"i":[[35.631,-50.367],[-9.669,-30.301],[-16.474,6.513],[0,0],[-9.907,14.866],[9.035,3.495],[0,0],[0,0]],"o":[[0,0],[9.67,30.301],[16.475,-6.514],[0,0],[9.907,-14.865],[-9.036,-3.496],[0,0],[0,0]],"v":[[-39.627,-32.784],[-51.815,52.85],[2.043,70.824],[25.895,53.802],[51.577,43.664],[45.436,8.889],[26.047,12.195],[33.775,-3.934]],"c":true},"ix":2},"nm":"Path 1","mn":"ADBE Vector Shape - Group","hd":false},{"ty":"fl","c":{"a":0,"k":[0.964999988032,0.630999995213,0.588000009574,1],"ix":4},"o":{"a":0,"k":100,"ix":5},"r":1,"bm":0,"nm":"Fill 1","mn":"ADBE Vector Graphic - Fill","hd":false},{"ty":"tr","p":{"a":0,"k":[257.548,188.924],"ix":2},"a":{"a":0,"k":[0,0],"ix":1},"s":{"a":0,"k":[100,100],"ix":3},"r":{"a":0,"k":0,"ix":6},"o":{"a":0,"k":100,"ix":7},"sk":{"a":0,"k":0,"ix":4},"sa":{"a":0,"k":0,"ix":5},"nm":"Transform"}],"nm":"Group 4","np":2,"cix":2,"bm":0,"ix":4,"mn":"ADBE Vector Group","hd":false},{"ty":"gr","it":[{"ind":0,"ty":"sh","ix":1,"ks":{"a":1,"k":[{"i":{"x":0.667,"y":1},"o":{"x":0.333,"y":0},"t":5,"s":[{"i":[[0,0],[-6.95,4.187],[0,0],[-19.127,-5.433],[0,0],[-4.059,-13.077],[18.023,3.366]],"o":[[0,0],[6.951,-4.185],[0,0],[19.127,5.432],[0,0],[4.058,13.078],[-18.022,-3.367]],"v":[[-45.109,-23.945],[-63.874,-59.82],[-50.344,-57.617],[21.193,-60.446],[53.12,-23.712],[66.767,-11.525],[24.586,62.513]],"c":true}]},{"i":{"x":0.667,"y":1},"o":{"x":0.333,"y":0},"t":13,"s":[{"i":[[0,0],[-6.95,4.187],[0,0],[-19.127,-5.433],[0,0],[-3.142,-13.327],[18.023,3.366]],"o":[[0,0],[6.951,-4.185],[0,0],[19.127,5.432],[0,0],[8.126,34.472],[-18.022,-3.367]],"v":[[-45.109,-23.945],[-56.431,-61.58],[-33.307,-71.218],[24.482,-66.564],[56.53,-26.332],[73.332,-9.752],[24.585,62.513]],"c":true}]},{"i":{"x":0.667,"y":1},"o":{"x":0.333,"y":0},"t":20,"s":[{"i":[[0,0],[-11.076,12.816],[0,0],[-28.387,-7.211],[0,0],[-4.059,-13.077],[18.023,3.366]],"o":[[0,0],[5.305,-6.139],[0,0],[31.316,7.955],[0,0],[4.058,13.078],[-18.022,-3.367]],"v":[[-45.109,-23.945],[-69.425,-47.154],[-48.591,-61.349],[14.718,-61.211],[53.12,-23.712],[66.767,-11.525],[24.585,62.513]],"c":true}]},{"i":{"x":0.667,"y":1},"o":{"x":0.333,"y":0},"t":28,"s":[{"i":[[0,0],[-6.95,4.187],[0,0],[-19.127,-5.433],[0,0],[-3.142,-13.327],[18.023,3.366]],"o":[[0,0],[6.951,-4.185],[0,0],[19.127,5.432],[0,0],[8.126,34.472],[-18.022,-3.367]],"v":[[-45.109,-23.945],[-56.431,-61.58],[-33.307,-71.218],[24.482,-66.564],[56.53,-26.332],[73.332,-9.752],[24.585,62.513]],"c":true}]},{"t":35.0000014255792,"s":[{"i":[[0,0],[-6.95,4.187],[0,0],[-19.127,-5.433],[0,0],[-4.059,-13.077],[18.023,3.366]],"o":[[0,0],[6.951,-4.185],[0,0],[19.127,5.432],[0,0],[4.058,13.078],[-18.022,-3.367]],"v":[[-45.109,-23.945],[-63.874,-59.82],[-50.344,-57.617],[21.193,-60.446],[53.12,-23.712],[66.767,-11.525],[24.586,62.513]],"c":true}]}],"ix":2},"nm":"Path 1","mn":"ADBE Vector Shape - Group","hd":false},{"ty":"fl","c":{"a":0,"k":[0,0,0,1],"ix":4},"o":{"a":0,"k":100,"ix":5},"r":1,"bm":0,"nm":"Fill 1","mn":"ADBE Vector Graphic - Fill","hd":false},{"ty":"tr","p":{"a":0,"k":[259.211,190.764],"ix":2},"a":{"a":0,"k":[0,0],"ix":1},"s":{"a":0,"k":[100,100],"ix":3},"r":{"a":0,"k":0,"ix":6},"o":{"a":0,"k":100,"ix":7},"sk":{"a":0,"k":0,"ix":4},"sa":{"a":0,"k":0,"ix":5},"nm":"Transform"}],"nm":"Group 5","np":2,"cix":2,"bm":0,"ix":5,"mn":"ADBE Vector Group","hd":false}],"ip":0,"op":90.0000036657751,"st":0,"ct":1,"bm":0},{"ddd":0,"ind":2,"ty":4,"nm":"man neck","parent":3,"sr":1,"ks":{"o":{"a":0,"k":100,"ix":11},"r":{"a":1,"k":[{"i":{"x":[0.833],"y":[1]},"o":{"x":[0.167],"y":[0]},"t":0,"s":[0]},{"i":{"x":[0.833],"y":[1]},"o":{"x":[0.167],"y":[0]},"t":1,"s":[0]},{"i":{"x":[0.833],"y":[1]},"o":{"x":[0.167],"y":[0]},"t":2,"s":[0]},{"i":{"x":[0.833],"y":[1]},"o":{"x":[0.167],"y":[0]},"t":3,"s":[0]},{"i":{"x":[0.833],"y":[1]},"o":{"x":[0.167],"y":[0]},"t":4,"s":[0]},{"i":{"x":[0.833],"y":[1]},"o":{"x":[0.167],"y":[0]},"t":5,"s":[0]},{"i":{"x":[0.833],"y":[1.011]},"o":{"x":[0.167],"y":[0]},"t":6,"s":[0]},{"i":{"x":[0.833],"y":[0.688]},"o":{"x":[0.167],"y":[0.083]},"t":7,"s":[0]},{"i":{"x":[0.833],"y":[0.792]},"o":{"x":[0.167],"y":[0.114]},"t":8,"s":[-0.132]},{"i":{"x":[0.833],"y":[0.813]},"o":{"x":[0.167],"y":[0.139]},"t":9,"s":[-0.494]},{"i":{"x":[0.833],"y":[0.823]},"o":{"x":[0.167],"y":[0.151]},"t":10,"s":[-1.037]},{"i":{"x":[0.833],"y":[0.83]},"o":{"x":[0.167],"y":[0.158]},"t":11,"s":[-1.71]},{"i":{"x":[0.833],"y":[0.835]},"o":{"x":[0.167],"y":[0.163]},"t":12,"s":[-2.463]},{"i":{"x":[0.833],"y":[0.841]},"o":{"x":[0.167],"y":[0.169]},"t":13,"s":[-3.246]},{"i":{"x":[0.833],"y":[0.848]},"o":{"x":[0.167],"y":[0.175]},"t":14,"s":[-4.009]},{"i":{"x":[0.833],"y":[0.858]},"o":{"x":[0.167],"y":[0.184]},"t":15,"s":[-4.702]},{"i":{"x":[0.833],"y":[0.879]},"o":{"x":[0.167],"y":[0.202]},"t":16,"s":[-5.274]},{"i":{"x":[0.833],"y":[1.079]},"o":{"x":[0.167],"y":[0.268]},"t":17,"s":[-5.677]},{"i":{"x":[0.833],"y":[0.601]},"o":{"x":[0.167],"y":[0.04]},"t":18,"s":[-5.859]},{"i":{"x":[0.833],"y":[0.793]},"o":{"x":[0.167],"y":[0.105]},"t":19,"s":[-5.505]},{"i":{"x":[0.833],"y":[0.822]},"o":{"x":[0.167],"y":[0.14]},"t":20,"s":[-4.168]},{"i":{"x":[0.833],"y":[0.837]},"o":{"x":[0.167],"y":[0.157]},"t":21,"s":[-2.189]},{"i":{"x":[0.833],"y":[0.852]},"o":{"x":[0.167],"y":[0.171]},"t":22,"s":[0.058]},{"i":{"x":[0.833],"y":[0.876]},"o":{"x":[0.167],"y":[0.191]},"t":23,"s":[2.201]},{"i":{"x":[0.833],"y":[0.911]},"o":{"x":[0.167],"y":[0.254]},"t":24,"s":[3.866]},{"i":{"x":[0.833],"y":[1.3]},"o":{"x":[0.167],"y":[1.351]},"t":25,"s":[4.679]},{"i":{"x":[0.833],"y":[0.751]},"o":{"x":[0.167],"y":[0.065]},"t":26,"s":[4.732]},{"i":{"x":[0.833],"y":[0.804]},"o":{"x":[0.167],"y":[0.125]},"t":27,"s":[4.486]},{"i":{"x":[0.833],"y":[0.821]},"o":{"x":[0.167],"y":[0.145]},"t":28,"s":[3.998]},{"i":{"x":[0.833],"y":[0.831]},"o":{"x":[0.167],"y":[0.156]},"t":29,"s":[3.338]},{"i":{"x":[0.833],"y":[0.839]},"o":{"x":[0.167],"y":[0.165]},"t":30,"s":[2.582]},{"i":{"x":[0.833],"y":[0.848]},"o":{"x":[0.167],"y":[0.173]},"t":31,"s":[1.808]},{"i":{"x":[0.833],"y":[0.86]},"o":{"x":[0.167],"y":[0.184]},"t":32,"s":[1.089]},{"i":{"x":[0.833],"y":[0.898]},"o":{"x":[0.167],"y":[0.206]},"t":33,"s":[0.495]},{"i":{"x":[0.833],"y":[0.889]},"o":{"x":[0.167],"y":[0.451]},"t":34,"s":[0.092]},{"i":{"x":[0.833],"y":[0.871]},"o":{"x":[0.167],"y":[0.338]},"t":35,"s":[0]},{"i":{"x":[0.833],"y":[0.897]},"o":{"x":[0.167],"y":[0.236]},"t":36,"s":[-0.03]},{"i":{"x":[0.833],"y":[1.043]},"o":{"x":[0.167],"y":[0.439]},"t":37,"s":[-0.046]},{"i":{"x":[0.833],"y":[0.748]},"o":{"x":[0.167],"y":[0.028]},"t":38,"s":[-0.05]},{"i":{"x":[0.833],"y":[0.817]},"o":{"x":[0.167],"y":[0.125]},"t":39,"s":[-0.044]},{"i":{"x":[0.833],"y":[0.838]},"o":{"x":[0.167],"y":[0.153]},"t":40,"s":[-0.033]},{"i":{"x":[0.833],"y":[0.851]},"o":{"x":[0.167],"y":[0.172]},"t":41,"s":[-0.019]},{"i":{"x":[0.833],"y":[0.864]},"o":{"x":[0.167],"y":[0.189]},"t":42,"s":[-0.006]},{"i":{"x":[0.833],"y":[0.882]},"o":{"x":[0.167],"y":[0.214]},"t":43,"s":[0.005]},{"i":{"x":[0.833],"y":[0.929]},"o":{"x":[0.167],"y":[0.281]},"t":44,"s":[0.011]},{"i":{"x":[0.833],"y":[0.398]},"o":{"x":[0.167],"y":[-0.461]},"t":45,"s":[0.014]},{"i":{"x":[0.833],"y":[0.797]},"o":{"x":[0.167],"y":[0.097]},"t":46,"s":[0.014]},{"i":{"x":[0.833],"y":[0.83]},"o":{"x":[0.167],"y":[0.142]},"t":47,"s":[0.011]},{"i":{"x":[0.833],"y":[0.845]},"o":{"x":[0.167],"y":[0.163]},"t":48,"s":[0.007]},{"i":{"x":[0.833],"y":[0.857]},"o":{"x":[0.167],"y":[0.18]},"t":49,"s":[0.003]},{"i":{"x":[0.833],"y":[0.871]},"o":{"x":[0.167],"y":[0.2]},"t":50,"s":[0]},{"i":{"x":[0.833],"y":[0.898]},"o":{"x":[0.167],"y":[0.237]},"t":51,"s":[-0.002]},{"i":{"x":[0.833],"y":[1.051]},"o":{"x":[0.167],"y":[0.451]},"t":52,"s":[-0.004]},{"i":{"x":[0.833],"y":[0.751]},"o":{"x":[0.167],"y":[0.032]},"t":53,"s":[-0.004]},{"i":{"x":[0.833],"y":[0.818]},"o":{"x":[0.167],"y":[0.125]},"t":54,"s":[-0.004]},{"i":{"x":[0.833],"y":[0.838]},"o":{"x":[0.167],"y":[0.154]},"t":55,"s":[-0.003]},{"i":{"x":[0.833],"y":[0.851]},"o":{"x":[0.167],"y":[0.172]},"t":56,"s":[-0.002]},{"i":{"x":[0.833],"y":[0.864]},"o":{"x":[0.167],"y":[0.189]},"t":57,"s":[0]},{"i":{"x":[0.833],"y":[0.882]},"o":{"x":[0.167],"y":[0.215]},"t":58,"s":[0]},{"i":{"x":[0.833],"y":[0.931]},"o":{"x":[0.167],"y":[0.283]},"t":59,"s":[0.001]},{"i":{"x":[0.833],"y":[0.439]},"o":{"x":[0.167],"y":[-0.404]},"t":60,"s":[0.001]},{"i":{"x":[0.833],"y":[0.798]},"o":{"x":[0.167],"y":[0.098]},"t":61,"s":[0.001]},{"i":{"x":[0.833],"y":[0.83]},"o":{"x":[0.167],"y":[0.142]},"t":62,"s":[0.001]},{"i":{"x":[0.833],"y":[0.845]},"o":{"x":[0.167],"y":[0.163]},"t":63,"s":[0.001]},{"i":{"x":[0.833],"y":[0.857]},"o":{"x":[0.167],"y":[0.18]},"t":64,"s":[0]},{"i":{"x":[0.833],"y":[0.872]},"o":{"x":[0.167],"y":[0.2]},"t":65,"s":[0]},{"i":{"x":[0.833],"y":[0.898]},"o":{"x":[0.167],"y":[0.238]},"t":66,"s":[0]},{"i":{"x":[0.833],"y":[1.06]},"o":{"x":[0.167],"y":[0.464]},"t":67,"s":[0]},{"i":{"x":[0.833],"y":[0.753]},"o":{"x":[0.167],"y":[0.035]},"t":68,"s":[0]},{"i":{"x":[0.833],"y":[0.818]},"o":{"x":[0.167],"y":[0.126]},"t":69,"s":[0]},{"i":{"x":[0.833],"y":[0.838]},"o":{"x":[0.167],"y":[0.154]},"t":70,"s":[0]},{"i":{"x":[0.833],"y":[0.851]},"o":{"x":[0.167],"y":[0.172]},"t":71,"s":[0]},{"i":{"x":[0.833],"y":[0.864]},"o":{"x":[0.167],"y":[0.19]},"t":72,"s":[0]},{"i":{"x":[0.833],"y":[0.882]},"o":{"x":[0.167],"y":[0.215]},"t":73,"s":[0]},{"i":{"x":[0.833],"y":[0.932]},"o":{"x":[0.167],"y":[0.285]},"t":74,"s":[0]},{"i":{"x":[0.833],"y":[0.473]},"o":{"x":[0.167],"y":[-0.356]},"t":75,"s":[0]},{"i":{"x":[0.833],"y":[0.799]},"o":{"x":[0.167],"y":[0.099]},"t":76,"s":[0]},{"i":{"x":[0.833],"y":[0.83]},"o":{"x":[0.167],"y":[0.142]},"t":77,"s":[0]},{"i":{"x":[0.833],"y":[0.845]},"o":{"x":[0.167],"y":[0.164]},"t":78,"s":[0]},{"i":{"x":[0.833],"y":[0.858]},"o":{"x":[0.167],"y":[0.181]},"t":79,"s":[0]},{"i":{"x":[0.833],"y":[0.872]},"o":{"x":[0.167],"y":[0.201]},"t":80,"s":[0]},{"i":{"x":[0.833],"y":[0.899]},"o":{"x":[0.167],"y":[0.239]},"t":81,"s":[0]},{"i":{"x":[0.833],"y":[1.07]},"o":{"x":[0.167],"y":[0.478]},"t":82,"s":[0]},{"i":{"x":[0.833],"y":[0.755]},"o":{"x":[0.167],"y":[0.038]},"t":83,"s":[0]},{"i":{"x":[0.833],"y":[0.819]},"o":{"x":[0.167],"y":[0.126]},"t":84,"s":[0]},{"i":{"x":[0.833],"y":[0.839]},"o":{"x":[0.167],"y":[0.154]},"t":85,"s":[0]},{"i":{"x":[0.833],"y":[0.852]},"o":{"x":[0.167],"y":[0.172]},"t":86,"s":[0]},{"i":{"x":[0.833],"y":[0.864]},"o":{"x":[0.167],"y":[0.19]},"t":87,"s":[0]},{"i":{"x":[0.833],"y":[0.833]},"o":{"x":[0.167],"y":[0.216]},"t":88,"s":[0]},{"t":89.0000036250443,"s":[0]}],"ix":10},"p":{"a":0,"k":[253,301.5,0],"ix":2,"l":2},"a":{"a":0,"k":[253,301.5,0],"ix":1,"l":2},"s":{"a":0,"k":[100,100,100],"ix":6,"l":2}},"ao":0,"shapes":[{"ty":"gr","it":[{"ind":0,"ty":"sh","ix":1,"ks":{"a":0,"k":{"i":[[0,0],[0.674,-1.632],[10.995,-1.21],[0,0]],"o":[[-0.087,1.197],[-9.35,22.057],[0,0],[0,0]],"v":[[24.103,-16.385],[22.916,-12.136],[-24.103,16.385],[-21.918,-5.282]],"c":true},"ix":2},"nm":"Path 1","mn":"ADBE Vector Shape - Group","hd":false},{"ty":"fl","c":{"a":0,"k":[0,0,0,1],"ix":4},"o":{"a":0,"k":100,"ix":5},"r":1,"bm":0,"nm":"Fill 1","mn":"ADBE Vector Graphic - Fill","hd":false},{"ty":"tr","p":{"a":0,"k":[251.614,260.972],"ix":2},"a":{"a":0,"k":[0,0],"ix":1},"s":{"a":0,"k":[100,100],"ix":3},"r":{"a":0,"k":0,"ix":6},"o":{"a":0,"k":100,"ix":7},"sk":{"a":0,"k":0,"ix":4},"sa":{"a":0,"k":0,"ix":5},"nm":"Transform"}],"nm":"Group 1","np":2,"cix":2,"bm":0,"ix":1,"mn":"ADBE Vector Group","hd":false},{"ty":"gr","it":[{"ind":0,"ty":"sh","ix":1,"ks":{"a":0,"k":{"i":[[12.811,0],[0.758,0.219],[-0.286,0.995],[-0.982,-0.3],[-19.611,23.002],[-0.785,-0.667],[0.671,-0.789]],"o":[[-11.318,0],[-0.994,-0.29],[0.29,-0.997],[0.374,0.111],[0.679,-0.788],[0.788,0.674],[-11.255,13.202]],"v":[[-9.169,7.75],[-30.042,5.057],[-31.322,2.731],[-28.997,1.448],[28.076,-11.061],[30.725,-11.273],[30.936,-8.626]],"c":true},"ix":2},"nm":"Path 1","mn":"ADBE Vector Shape - Group","hd":false},{"ty":"fl","c":{"a":0,"k":[1,1,1,1],"ix":4},"o":{"a":0,"k":100,"ix":5},"r":1,"bm":0,"nm":"Fill 1","mn":"ADBE Vector Graphic - Fill","hd":false},{"ty":"tr","p":{"a":0,"k":[254.816,296.323],"ix":2},"a":{"a":0,"k":[0,0],"ix":1},"s":{"a":0,"k":[100,100],"ix":3},"r":{"a":0,"k":0,"ix":6},"o":{"a":0,"k":100,"ix":7},"sk":{"a":0,"k":0,"ix":4},"sa":{"a":0,"k":0,"ix":5},"nm":"Transform"}],"nm":"Group 2","np":2,"cix":2,"bm":0,"ix":2,"mn":"ADBE Vector Group","hd":false},{"ty":"gr","it":[{"ind":0,"ty":"sh","ix":1,"ks":{"a":0,"k":{"i":[[0,0],[0,0],[25.558,-2.599],[0,0],[0,0],[0,0],[0,0]],"o":[[0,0],[0,0],[-19.04,1.935],[0,0],[0,0],[0,0],[0,0]],"v":[[28.627,-30.517],[29.511,13.244],[-3.684,28.582],[-29.511,26.341],[-27.3,4.125],[-25.115,-17.542],[20.906,-28.645]],"c":true},"ix":2},"nm":"Path 1","mn":"ADBE Vector Shape - Group","hd":false},{"ty":"fl","c":{"a":0,"k":[0.964999988032,0.630999995213,0.588000009574,1],"ix":4},"o":{"a":0,"k":100,"ix":5},"r":1,"bm":0,"nm":"Fill 1","mn":"ADBE Vector Graphic - Fill","hd":false},{"ty":"tr","p":{"a":0,"k":[254.811,273.233],"ix":2},"a":{"a":0,"k":[0,0],"ix":1},"s":{"a":0,"k":[100,100],"ix":3},"r":{"a":0,"k":0,"ix":6},"o":{"a":0,"k":100,"ix":7},"sk":{"a":0,"k":0,"ix":4},"sa":{"a":0,"k":0,"ix":5},"nm":"Transform"}],"nm":"Group 3","np":2,"cix":2,"bm":0,"ix":3,"mn":"ADBE Vector Group","hd":false}],"ip":0,"op":90.0000036657751,"st":0,"ct":1,"bm":0},{"ddd":0,"ind":3,"ty":4,"nm":"man body","sr":1,"ks":{"o":{"a":0,"k":100,"ix":11},"r":{"a":0,"k":0,"ix":10},"p":{"a":0,"k":[256,256,0],"ix":2,"l":2},"a":{"a":0,"k":[256,256,0],"ix":1,"l":2},"s":{"a":0,"k":[100,100,100],"ix":6,"l":2}},"ao":0,"shapes":[{"ty":"gr","it":[{"ind":0,"ty":"sh","ix":1,"ks":{"a":1,"k":[{"i":{"x":0.833,"y":0.833},"o":{"x":0.167,"y":0.167},"t":0,"s":[{"i":[[-58.117,-58.229],[52.223,-14.529],[3.68,-0.751],[0,0]],"o":[[-20.311,49.52],[-3.566,1.014],[-5.331,-57.705],[0,0]],"v":[[66.977,-23.334],[-47.943,78.895],[-58.831,81.562],[-66.977,-77.434]],"c":true}]},{"i":{"x":0.833,"y":0.833},"o":{"x":0.167,"y":0.167},"t":5,"s":[{"i":[[-58.117,-58.229],[52.223,-14.529],[3.68,-0.751],[0,0]],"o":[[-20.311,49.52],[-3.566,1.014],[-5.331,-57.705],[0,0]],"v":[[66.977,-23.334],[-47.943,78.895],[-58.831,81.562],[-66.977,-77.434]],"c":true}]},{"i":{"x":0.833,"y":0.833},"o":{"x":0.167,"y":0.167},"t":13,"s":[{"i":[[-49.018,-67.889],[52.223,-14.529],[3.68,-0.751],[0,0]],"o":[[-20.311,49.52],[-3.566,1.014],[-5.331,-57.705],[0,0]],"v":[[66.977,-23.334],[-47.943,78.895],[-58.831,81.562],[-73.977,-77.434]],"c":true}]},{"i":{"x":0.833,"y":0.833},"o":{"x":0.167,"y":0.167},"t":21,"s":[{"i":[[-49.018,-67.889],[52.223,-14.529],[3.68,-0.751],[0,0]],"o":[[-20.311,49.52],[-3.566,1.014],[-5.331,-57.705],[0,0]],"v":[[66.977,-23.334],[-47.943,78.895],[-58.831,81.562],[-71.477,-76.434]],"c":true}]},{"t":28.0000011404634,"s":[{"i":[[-58.117,-58.229],[52.223,-14.529],[3.68,-0.751],[0,0]],"o":[[-20.311,49.52],[-3.566,1.014],[-5.331,-57.705],[0,0]],"v":[[66.977,-23.334],[-47.943,78.895],[-58.831,81.562],[-66.977,-77.434]],"c":true}]}],"ix":2},"nm":"Path 1","mn":"ADBE Vector Shape - Group","hd":false},{"ty":"fl","c":{"a":0,"k":[0.976000019148,0.870999983245,0.169000004787,1],"ix":4},"o":{"a":0,"k":100,"ix":5},"r":1,"bm":0,"nm":"Fill 1","mn":"ADBE Vector Graphic - Fill","hd":false},{"ty":"tr","p":{"a":0,"k":[351.041,345.722],"ix":2},"a":{"a":0,"k":[0,0],"ix":1},"s":{"a":0,"k":[100,100],"ix":3},"r":{"a":0,"k":0,"ix":6},"o":{"a":0,"k":100,"ix":7},"sk":{"a":0,"k":0,"ix":4},"sa":{"a":0,"k":0,"ix":5},"nm":"Transform"}],"nm":"Group 1","np":2,"cix":2,"bm":0,"ix":1,"mn":"ADBE Vector Group","hd":false},{"ty":"gr","it":[{"ind":0,"ty":"sh","ix":1,"ks":{"a":1,"k":[{"i":{"x":0.833,"y":0.833},"o":{"x":0.167,"y":0.167},"t":0,"s":[{"i":[[0,0],[8.635,-73.961],[22.714,41.599],[-19.184,7.772]],"o":[[0,0],[-46.816,-12.427],[13.891,-14.566],[33.488,-13.59]],"v":[[62.622,-73.885],[45.99,73.885],[-62.622,-11.489],[-7.321,-58.192]],"c":true}]},{"i":{"x":0.833,"y":0.833},"o":{"x":0.167,"y":0.167},"t":5,"s":[{"i":[[0,0],[8.635,-73.961],[22.714,41.599],[-19.184,7.772]],"o":[[0,0],[-46.816,-12.427],[13.891,-14.566],[33.488,-13.59]],"v":[[62.622,-73.885],[45.99,73.885],[-62.622,-11.489],[-7.321,-58.192]],"c":true}]},{"i":{"x":0.833,"y":0.833},"o":{"x":0.167,"y":0.167},"t":13,"s":[{"i":[[0,0],[8.635,-73.961],[22.714,41.599],[-19.184,7.772]],"o":[[0,0],[-46.816,-12.427],[13.891,-14.566],[33.488,-13.59]],"v":[[64.622,-74.885],[45.99,73.885],[-62.622,-11.489],[-1.821,-51.692]],"c":true}]},{"i":{"x":0.833,"y":0.833},"o":{"x":0.167,"y":0.167},"t":21,"s":[{"i":[[0,0],[8.635,-73.961],[22.714,41.599],[-19.184,7.772]],"o":[[0,0],[-46.816,-12.427],[13.891,-14.566],[33.488,-13.59]],"v":[[64.622,-74.885],[45.99,73.885],[-62.622,-11.489],[-15.321,-57.192]],"c":true}]},{"t":28.0000011404634,"s":[{"i":[[0,0],[8.635,-73.961],[22.714,41.599],[-19.184,7.772]],"o":[[0,0],[-46.816,-12.427],[13.891,-14.566],[33.488,-13.59]],"v":[[62.622,-73.885],[45.99,73.885],[-62.622,-11.489],[-7.321,-58.192]],"c":true}]}],"ix":2},"nm":"Path 1","mn":"ADBE Vector Shape - Group","hd":false},{"ty":"fl","c":{"a":0,"k":[0.976000019148,0.870999983245,0.169000004787,1],"ix":4},"o":{"a":0,"k":100,"ix":5},"r":1,"bm":0,"nm":"Fill 1","mn":"ADBE Vector Graphic - Fill","hd":false},{"ty":"tr","p":{"a":0,"k":[164.901,351.259],"ix":2},"a":{"a":0,"k":[0,0],"ix":1},"s":{"a":0,"k":[100,100],"ix":3},"r":{"a":0,"k":0,"ix":6},"o":{"a":0,"k":100,"ix":7},"sk":{"a":0,"k":0,"ix":4},"sa":{"a":0,"k":0,"ix":5},"nm":"Transform"}],"nm":"Group 2","np":2,"cix":2,"bm":0,"ix":2,"mn":"ADBE Vector Group","hd":false},{"ty":"gr","it":[{"ind":0,"ty":"sh","ix":1,"ks":{"a":0,"k":{"i":[[0,0],[16.294,0],[9.761,1.727],[4.956,1.314],[6.345,2.553],[0,0],[0,0],[0,0]],"o":[[-14.979,4.205],[-10.249,0],[-5.106,-0.901],[-6.683,-1.764],[0,0],[0,0],[0,0],[0,0]],"v":[[55.902,70.337],[8.822,76.757],[-21.249,74.167],[-36.305,70.863],[-55.902,64.368],[-43.475,-60.764],[24.29,-76.757],[51.246,-68.761]],"c":true},"ix":2},"nm":"Path 1","mn":"ADBE Vector Shape - Group","hd":false},{"ty":"fl","c":{"a":0,"k":[0.455000005984,0.442999985639,0.702000038297,1],"ix":4},"o":{"a":0,"k":100,"ix":5},"r":1,"bm":0,"nm":"Fill 1","mn":"ADBE Vector Graphic - Fill","hd":false},{"ty":"tr","p":{"a":0,"k":[247.196,354.281],"ix":2},"a":{"a":0,"k":[0,0],"ix":1},"s":{"a":0,"k":[100,100],"ix":3},"r":{"a":0,"k":0,"ix":6},"o":{"a":0,"k":100,"ix":7},"sk":{"a":0,"k":0,"ix":4},"sa":{"a":0,"k":0,"ix":5},"nm":"Transform"}],"nm":"Group 3","np":2,"cix":2,"bm":0,"ix":3,"mn":"ADBE Vector Group","hd":false}],"ip":0,"op":90.0000036657751,"st":0,"ct":1,"bm":0},{"ddd":0,"ind":4,"ty":4,"nm":"girl head","parent":5,"sr":1,"ks":{"o":{"a":0,"k":100,"ix":11},"r":{"a":1,"k":[{"i":{"x":[0.833],"y":[1]},"o":{"x":[0.167],"y":[0]},"t":0,"s":[0]},{"i":{"x":[0.833],"y":[1]},"o":{"x":[0.167],"y":[0]},"t":1,"s":[0]},{"i":{"x":[0.833],"y":[1]},"o":{"x":[0.167],"y":[0]},"t":2,"s":[0]},{"i":{"x":[0.833],"y":[1]},"o":{"x":[0.167],"y":[0]},"t":3,"s":[0]},{"i":{"x":[0.833],"y":[1]},"o":{"x":[0.167],"y":[0]},"t":4,"s":[0]},{"i":{"x":[0.833],"y":[1]},"o":{"x":[0.167],"y":[0]},"t":5,"s":[0]},{"i":{"x":[0.833],"y":[1]},"o":{"x":[0.167],"y":[0]},"t":6,"s":[0]},{"i":{"x":[0.833],"y":[1]},"o":{"x":[0.167],"y":[0]},"t":7,"s":[0]},{"i":{"x":[0.833],"y":[1]},"o":{"x":[0.167],"y":[0]},"t":8,"s":[0]},{"i":{"x":[0.833],"y":[1]},"o":{"x":[0.167],"y":[0]},"t":9,"s":[0]},{"i":{"x":[0.833],"y":[1]},"o":{"x":[0.167],"y":[0]},"t":10,"s":[0]},{"i":{"x":[0.833],"y":[1]},"o":{"x":[0.167],"y":[0]},"t":11,"s":[0]},{"i":{"x":[0.833],"y":[1]},"o":{"x":[0.167],"y":[0]},"t":12,"s":[0]},{"i":{"x":[0.833],"y":[1]},"o":{"x":[0.167],"y":[0]},"t":13,"s":[0]},{"i":{"x":[0.833],"y":[1]},"o":{"x":[0.167],"y":[0]},"t":14,"s":[0]},{"i":{"x":[0.833],"y":[1]},"o":{"x":[0.167],"y":[0]},"t":15,"s":[0]},{"i":{"x":[0.833],"y":[1]},"o":{"x":[0.167],"y":[0]},"t":16,"s":[0]},{"i":{"x":[0.833],"y":[1]},"o":{"x":[0.167],"y":[0]},"t":17,"s":[0]},{"i":{"x":[0.833],"y":[1]},"o":{"x":[0.167],"y":[0]},"t":18,"s":[0]},{"i":{"x":[0.833],"y":[1]},"o":{"x":[0.167],"y":[0]},"t":19,"s":[0]},{"i":{"x":[0.833],"y":[1]},"o":{"x":[0.167],"y":[0]},"t":20,"s":[0]},{"i":{"x":[0.833],"y":[1]},"o":{"x":[0.167],"y":[0]},"t":21,"s":[0]},{"i":{"x":[0.833],"y":[1]},"o":{"x":[0.167],"y":[0]},"t":22,"s":[0]},{"i":{"x":[0.833],"y":[1]},"o":{"x":[0.167],"y":[0]},"t":23,"s":[0]},{"i":{"x":[0.833],"y":[1]},"o":{"x":[0.167],"y":[0]},"t":24,"s":[0]},{"i":{"x":[0.833],"y":[1]},"o":{"x":[0.167],"y":[0]},"t":25,"s":[0]},{"i":{"x":[0.833],"y":[1]},"o":{"x":[0.167],"y":[0]},"t":26,"s":[0]},{"i":{"x":[0.833],"y":[1]},"o":{"x":[0.167],"y":[0]},"t":27,"s":[0]},{"i":{"x":[0.833],"y":[1]},"o":{"x":[0.167],"y":[0]},"t":28,"s":[0]},{"i":{"x":[0.833],"y":[1]},"o":{"x":[0.167],"y":[0]},"t":29,"s":[0]},{"i":{"x":[0.833],"y":[1]},"o":{"x":[0.167],"y":[0]},"t":30,"s":[0]},{"i":{"x":[0.833],"y":[1]},"o":{"x":[0.167],"y":[0]},"t":31,"s":[0]},{"i":{"x":[0.833],"y":[1]},"o":{"x":[0.167],"y":[0]},"t":32,"s":[0]},{"i":{"x":[0.833],"y":[1]},"o":{"x":[0.167],"y":[0]},"t":33,"s":[0]},{"i":{"x":[0.833],"y":[1.135]},"o":{"x":[0.167],"y":[0]},"t":34,"s":[0]},{"i":{"x":[0.833],"y":[0.833]},"o":{"x":[0.167],"y":[0.083]},"t":35,"s":[0]},{"i":{"x":[0.833],"y":[0.833]},"o":{"x":[0.167],"y":[0.167]},"t":36,"s":[-1.625]},{"i":{"x":[0.833],"y":[0.833]},"o":{"x":[0.167],"y":[0.167]},"t":37,"s":[-3.25]},{"i":{"x":[0.833],"y":[0.833]},"o":{"x":[0.167],"y":[0.167]},"t":38,"s":[-4.876]},{"i":{"x":[0.833],"y":[0.833]},"o":{"x":[0.167],"y":[0.167]},"t":39,"s":[-6.501]},{"i":{"x":[0.833],"y":[0.831]},"o":{"x":[0.167],"y":[0.167]},"t":40,"s":[-8.126]},{"i":{"x":[0.833],"y":[0.871]},"o":{"x":[0.167],"y":[0.164]},"t":41,"s":[-9.751]},{"i":{"x":[0.833],"y":[0.897]},"o":{"x":[0.167],"y":[0.236]},"t":42,"s":[-11.429]},{"i":{"x":[0.833],"y":[1.043]},"o":{"x":[0.167],"y":[0.439]},"t":43,"s":[-12.346]},{"i":{"x":[0.833],"y":[0.748]},"o":{"x":[0.167],"y":[0.028]},"t":44,"s":[-12.561]},{"i":{"x":[0.833],"y":[0.817]},"o":{"x":[0.167],"y":[0.125]},"t":45,"s":[-12.236]},{"i":{"x":[0.833],"y":[0.838]},"o":{"x":[0.167],"y":[0.153]},"t":46,"s":[-11.581]},{"i":{"x":[0.833],"y":[0.851]},"o":{"x":[0.167],"y":[0.172]},"t":47,"s":[-10.8]},{"i":{"x":[0.833],"y":[0.864]},"o":{"x":[0.167],"y":[0.189]},"t":48,"s":[-10.062]},{"i":{"x":[0.833],"y":[0.882]},"o":{"x":[0.167],"y":[0.214]},"t":49,"s":[-9.48]},{"i":{"x":[0.833],"y":[0.929]},"o":{"x":[0.167],"y":[0.281]},"t":50,"s":[-9.11]},{"i":{"x":[0.833],"y":[0.398]},"o":{"x":[0.167],"y":[-0.461]},"t":51,"s":[-8.954]},{"i":{"x":[0.833],"y":[0.797]},"o":{"x":[0.167],"y":[0.097]},"t":52,"s":[-8.978]},{"i":{"x":[0.833],"y":[0.83]},"o":{"x":[0.167],"y":[0.142]},"t":53,"s":[-9.127]},{"i":{"x":[0.833],"y":[0.845]},"o":{"x":[0.167],"y":[0.163]},"t":54,"s":[-9.339]},{"i":{"x":[0.833],"y":[0.857]},"o":{"x":[0.167],"y":[0.18]},"t":55,"s":[-9.562]},{"i":{"x":[0.833],"y":[0.871]},"o":{"x":[0.167],"y":[0.2]},"t":56,"s":[-9.754]},{"i":{"x":[0.833],"y":[0.898]},"o":{"x":[0.167],"y":[0.237]},"t":57,"s":[-9.891]},{"i":{"x":[0.833],"y":[1.051]},"o":{"x":[0.167],"y":[0.451]},"t":58,"s":[-9.965]},{"i":{"x":[0.833],"y":[0.751]},"o":{"x":[0.167],"y":[0.032]},"t":59,"s":[-9.982]},{"i":{"x":[0.833],"y":[0.687]},"o":{"x":[0.167],"y":[0.125]},"t":60,"s":[-9.955]},{"i":{"x":[0.833],"y":[-0.172]},"o":{"x":[0.167],"y":[0.114]},"t":61,"s":[-9.9]},{"i":{"x":[0.833],"y":[0.833]},"o":{"x":[0.167],"y":[0.09]},"t":62,"s":[-9.751]},{"i":{"x":[0.833],"y":[0.833]},"o":{"x":[0.167],"y":[0.167]},"t":63,"s":[-7.801]},{"i":{"x":[0.833],"y":[0.833]},"o":{"x":[0.167],"y":[0.167]},"t":64,"s":[-5.851]},{"i":{"x":[0.833],"y":[0.833]},"o":{"x":[0.167],"y":[0.167]},"t":65,"s":[-3.9]},{"i":{"x":[0.833],"y":[0.831]},"o":{"x":[0.167],"y":[0.167]},"t":66,"s":[-1.95]},{"i":{"x":[0.833],"y":[0.871]},"o":{"x":[0.167],"y":[0.164]},"t":67,"s":[0]},{"i":{"x":[0.833],"y":[0.897]},"o":{"x":[0.167],"y":[0.236]},"t":68,"s":[2.014]},{"i":{"x":[0.833],"y":[1.043]},"o":{"x":[0.167],"y":[0.439]},"t":69,"s":[3.114]},{"i":{"x":[0.833],"y":[0.748]},"o":{"x":[0.167],"y":[0.028]},"t":70,"s":[3.371]},{"i":{"x":[0.833],"y":[0.817]},"o":{"x":[0.167],"y":[0.125]},"t":71,"s":[2.982]},{"i":{"x":[0.833],"y":[0.838]},"o":{"x":[0.167],"y":[0.153]},"t":72,"s":[2.195]},{"i":{"x":[0.833],"y":[0.851]},"o":{"x":[0.167],"y":[0.172]},"t":73,"s":[1.258]},{"i":{"x":[0.833],"y":[0.864]},"o":{"x":[0.167],"y":[0.189]},"t":74,"s":[0.373]},{"i":{"x":[0.833],"y":[0.882]},"o":{"x":[0.167],"y":[0.214]},"t":75,"s":[-0.325]},{"i":{"x":[0.833],"y":[0.929]},"o":{"x":[0.167],"y":[0.281]},"t":76,"s":[-0.769]},{"i":{"x":[0.833],"y":[0.398]},"o":{"x":[0.167],"y":[-0.461]},"t":77,"s":[-0.957]},{"i":{"x":[0.833],"y":[0.797]},"o":{"x":[0.167],"y":[0.097]},"t":78,"s":[-0.928]},{"i":{"x":[0.833],"y":[0.83]},"o":{"x":[0.167],"y":[0.142]},"t":79,"s":[-0.75]},{"i":{"x":[0.833],"y":[0.845]},"o":{"x":[0.167],"y":[0.163]},"t":80,"s":[-0.494]},{"i":{"x":[0.833],"y":[0.857]},"o":{"x":[0.167],"y":[0.18]},"t":81,"s":[-0.227]},{"i":{"x":[0.833],"y":[0.871]},"o":{"x":[0.167],"y":[0.2]},"t":82,"s":[0.003]},{"i":{"x":[0.833],"y":[0.898]},"o":{"x":[0.167],"y":[0.237]},"t":83,"s":[0.167]},{"i":{"x":[0.833],"y":[1.051]},"o":{"x":[0.167],"y":[0.451]},"t":84,"s":[0.256]},{"i":{"x":[0.833],"y":[0.751]},"o":{"x":[0.167],"y":[0.032]},"t":85,"s":[0.277]},{"i":{"x":[0.833],"y":[0.818]},"o":{"x":[0.167],"y":[0.125]},"t":86,"s":[0.244]},{"i":{"x":[0.833],"y":[0.838]},"o":{"x":[0.167],"y":[0.154]},"t":87,"s":[0.179]},{"i":{"x":[0.833],"y":[0.833]},"o":{"x":[0.167],"y":[0.172]},"t":88,"s":[0.102]},{"t":89.0000036250443,"s":[0.03]}],"ix":10},"p":{"a":0,"k":[411,195,0],"ix":2,"l":2},"a":{"a":0,"k":[411,195,0],"ix":1,"l":2},"s":{"a":0,"k":[100,100,100],"ix":6,"l":2}},"ao":0,"shapes":[{"ty":"gr","it":[{"ind":0,"ty":"sh","ix":1,"ks":{"a":1,"k":[{"i":{"x":0.833,"y":0.833},"o":{"x":0.167,"y":0.167},"t":35,"s":[{"i":[[0,0],[-6.803,14.815],[0,0],[-7.449,-1.989],[0,0],[0,0],[0,0],[2.672,-0.094],[1.88,-2.099],[0,0],[0,0]],"o":[[0,0],[6.804,-14.814],[0,0],[7.449,1.99],[0,0],[0,0],[0,0],[-2.673,0.093],[-1.879,2.099],[0,0],[0,0]],"v":[[-22.834,31.656],[3.821,5.773],[10.643,-16.352],[21.386,-4.917],[33.426,-2.835],[38.604,10.574],[34.412,-21.681],[11.391,-31.562],[-26.684,-22.145],[-38.279,6.527],[-38.604,18.387]],"c":true}]},{"i":{"x":0.833,"y":0.833},"o":{"x":0.167,"y":0.167},"t":41,"s":[{"i":[[0,0],[-6.803,14.815],[0,0],[-7.449,-1.989],[0,0],[0,0],[0,0],[2.672,-0.094],[1.88,-2.099],[0,0],[0,0]],"o":[[0,0],[6.804,-14.814],[0,0],[7.449,1.99],[0,0],[0,0],[0,0],[-2.673,0.093],[-1.879,2.099],[0,0],[0,0]],"v":[[-25.834,34.156],[-3.179,14.273],[4.143,-8.852],[17.386,1.083],[30.926,5.665],[38.604,10.574],[34.412,-21.681],[11.391,-31.562],[-26.684,-22.145],[-38.279,6.527],[-38.604,18.387]],"c":true}]},{"i":{"x":0.833,"y":0.833},"o":{"x":0.167,"y":0.167},"t":62,"s":[{"i":[[0,0],[-6.803,14.815],[0,0],[-7.449,-1.989],[0,0],[0,0],[0,0],[2.672,-0.094],[1.88,-2.099],[0,0],[0,0]],"o":[[0,0],[6.804,-14.814],[0,0],[7.449,1.99],[0,0],[0,0],[0,0],[-2.673,0.093],[-1.879,2.099],[0,0],[0,0]],"v":[[-25.834,34.156],[-3.179,14.273],[4.143,-8.852],[17.386,1.083],[30.926,5.665],[38.604,10.574],[34.412,-21.681],[11.391,-31.562],[-26.684,-22.145],[-38.279,6.527],[-38.604,18.387]],"c":true}]},{"t":67.0000027289659,"s":[{"i":[[0,0],[-6.803,14.815],[0,0],[-7.449,-1.989],[0,0],[0,0],[0,0],[2.672,-0.094],[1.88,-2.099],[0,0],[0,0]],"o":[[0,0],[6.804,-14.814],[0,0],[7.449,1.99],[0,0],[0,0],[0,0],[-2.673,0.093],[-1.879,2.099],[0,0],[0,0]],"v":[[-22.834,31.656],[3.821,5.773],[10.643,-16.352],[21.386,-4.917],[33.426,-2.835],[38.604,10.574],[34.412,-21.681],[11.391,-31.562],[-26.684,-22.145],[-38.279,6.527],[-38.604,18.387]],"c":true}]}],"ix":2},"nm":"Path 1","mn":"ADBE Vector Shape - Group","hd":false},{"ty":"fl","c":{"a":0,"k":[0.894000004787,0.388000009574,0.270999983245,1],"ix":4},"o":{"a":0,"k":100,"ix":5},"r":1,"bm":0,"nm":"Fill 1","mn":"ADBE Vector Graphic - Fill","hd":false},{"ty":"tr","p":{"a":0,"k":[396.988,101.315],"ix":2},"a":{"a":0,"k":[0,0],"ix":1},"s":{"a":0,"k":[100,100],"ix":3},"r":{"a":0,"k":0,"ix":6},"o":{"a":0,"k":100,"ix":7},"sk":{"a":0,"k":0,"ix":4},"sa":{"a":0,"k":0,"ix":5},"nm":"Transform"}],"nm":"Group 1","np":2,"cix":2,"bm":0,"ix":1,"mn":"ADBE Vector Group","hd":false},{"ty":"gr","it":[{"ind":0,"ty":"sh","ix":1,"ks":{"a":1,"k":[{"i":{"x":0.833,"y":0.833},"o":{"x":0.167,"y":0.167},"t":35,"s":[{"i":[[-33.509,-40.353],[6.207,-26.319],[14.392,4.439],[0,0],[9.374,11.95],[-7.429,3.556],[0,0],[0,0]],"o":[[0,0],[-6.207,26.319],[-14.391,-4.439],[0,0],[-9.373,-11.95],[7.428,-3.557],[0,0],[0,0]],"v":[[29.75,-28.875],[45.703,42.909],[1.232,61.682],[-20.104,48.82],[-42.538,41.913],[-39.615,12.033],[-22.964,13.563],[-30.574,0.399]],"c":true}]},{"i":{"x":0.833,"y":0.833},"o":{"x":0.167,"y":0.167},"t":41,"s":[{"i":[[-33.509,-40.353],[9.179,-26.818],[13.508,6.662],[0,0],[4.913,14.371],[-5.503,0.558],[0,0],[0,0]],"o":[[0,0],[-8.757,25.584],[-12.35,-6.091],[0,0],[-5.58,-16.322],[8.194,-0.831],[0,0],[0,0]],"v":[[29.75,-28.875],[41.203,44.909],[-6.268,61.682],[-22.604,45.32],[-39.038,31.163],[-36.365,10.783],[-25.964,16.063],[-30.574,0.399]],"c":true}]},{"i":{"x":0.833,"y":0.833},"o":{"x":0.167,"y":0.167},"t":62,"s":[{"i":[[-33.509,-40.353],[9.179,-26.818],[13.508,6.662],[0,0],[4.913,14.371],[-5.503,0.558],[0,0],[0,0]],"o":[[0,0],[-8.757,25.584],[-12.35,-6.091],[0,0],[-5.58,-16.322],[8.194,-0.831],[0,0],[0,0]],"v":[[29.75,-28.875],[41.203,44.909],[-6.268,61.682],[-22.604,45.32],[-39.038,31.163],[-36.365,10.783],[-25.964,16.063],[-30.574,0.399]],"c":true}]},{"t":67.0000027289659,"s":[{"i":[[-33.509,-40.353],[6.207,-26.319],[14.392,4.439],[0,0],[9.374,11.95],[-7.429,3.556],[0,0],[0,0]],"o":[[0,0],[-6.207,26.319],[-14.391,-4.439],[0,0],[-9.373,-11.95],[7.428,-3.557],[0,0],[0,0]],"v":[[29.75,-28.875],[45.703,42.909],[1.232,61.682],[-20.104,48.82],[-42.538,41.913],[-39.615,12.033],[-22.964,13.563],[-30.574,0.399]],"c":true}]}],"ix":2},"nm":"Path 1","mn":"ADBE Vector Shape - Group","hd":false},{"ty":"fl","c":{"a":0,"k":[0.964999988032,0.630999995213,0.588000009574,1],"ix":4},"o":{"a":0,"k":100,"ix":5},"r":1,"bm":0,"nm":"Fill 1","mn":"ADBE Vector Graphic - Fill","hd":false},{"ty":"tr","p":{"a":0,"k":[397.118,119.409],"ix":2},"a":{"a":0,"k":[0,0],"ix":1},"s":{"a":0,"k":[100,100],"ix":3},"r":{"a":0,"k":0,"ix":6},"o":{"a":0,"k":100,"ix":7},"sk":{"a":0,"k":0,"ix":4},"sa":{"a":0,"k":0,"ix":5},"nm":"Transform"}],"nm":"Group 2","np":2,"cix":2,"bm":0,"ix":2,"mn":"ADBE Vector Group","hd":false}],"ip":0,"op":90.0000036657751,"st":0,"ct":1,"bm":0},{"ddd":0,"ind":5,"ty":4,"nm":"girl neck","sr":1,"ks":{"o":{"a":0,"k":100,"ix":11},"r":{"a":0,"k":0,"ix":10},"p":{"a":0,"k":[256,256,0],"ix":2,"l":2},"a":{"a":0,"k":[256,256,0],"ix":1,"l":2},"s":{"a":0,"k":[100,100,100],"ix":6,"l":2}},"ao":0,"shapes":[{"ty":"gr","it":[{"ind":0,"ty":"sh","ix":1,"ks":{"a":0,"k":{"i":[[10.702,4.708],[0.484,0.369],[-0.624,0.827],[-0.835,-0.624],[-29.049,6.588],[-0.226,-1.004],[1.01,-0.228]],"o":[[-8.527,-3.751],[-0.825,-0.627],[0.624,-0.827],[0.256,0.192],[1.014,-0.227],[0.232,1.016],[-17.139,3.889]],"v":[[-14.883,1.379],[-29.273,-6.757],[-29.633,-9.387],[-27.004,-9.746],[27.78,2.823],[30.026,4.234],[28.613,6.482]],"c":true},"ix":2},"nm":"Path 1","mn":"ADBE Vector Shape - Group","hd":false},{"ty":"fl","c":{"a":0,"k":[1,1,1,1],"ix":4},"o":{"a":0,"k":100,"ix":5},"r":1,"bm":0,"nm":"Fill 1","mn":"ADBE Vector Graphic - Fill","hd":false},{"ty":"tr","p":{"a":0,"k":[396.979,206.709],"ix":2},"a":{"a":0,"k":[0,0],"ix":1},"s":{"a":0,"k":[100,100],"ix":3},"r":{"a":0,"k":0,"ix":6},"o":{"a":0,"k":100,"ix":7},"sk":{"a":0,"k":0,"ix":4},"sa":{"a":0,"k":0,"ix":5},"nm":"Transform"}],"nm":"Group 1","np":2,"cix":2,"bm":0,"ix":1,"mn":"ADBE Vector Group","hd":false},{"ty":"gr","it":[{"ind":0,"ty":"sh","ix":1,"ks":{"a":1,"k":[{"i":{"x":0.833,"y":0.833},"o":{"x":0.167,"y":0.167},"t":35,"s":[{"i":[[0,0],[0,0],[8.466,16.306],[0.171,1.007],[0,0]],"o":[[0,0],[-10.624,-0.843],[-0.653,-1.327],[0,0],[0,0]],"v":[[19.924,-5.589],[19.87,12.229],[-18.652,-8.696],[-19.923,-12.229],[19.846,-5.856]],"c":true}]},{"i":{"x":0.833,"y":0.833},"o":{"x":0.167,"y":0.167},"t":41,"s":[{"i":[[0,0],[0,0],[8.561,24.166],[0.171,1.007],[0,0]],"o":[[0,0],[-7.58,23.991],[-0.653,-1.327],[0,0],[0,0]],"v":[[19.924,-5.589],[19.989,2.229],[-26.152,-13.696],[-19.923,-12.229],[19.846,-5.856]],"c":true}]},{"i":{"x":0.833,"y":0.833},"o":{"x":0.167,"y":0.167},"t":62,"s":[{"i":[[0,0],[0,0],[8.561,24.166],[0.171,1.007],[0,0]],"o":[[0,0],[-7.58,23.991],[-0.653,-1.327],[0,0],[0,0]],"v":[[19.924,-5.589],[19.989,2.229],[-26.152,-13.696],[-19.923,-12.229],[19.846,-5.856]],"c":true}]},{"t":67.0000027289659,"s":[{"i":[[0,0],[0,0],[8.466,16.306],[0.171,1.007],[0,0]],"o":[[0,0],[-10.624,-0.843],[-0.653,-1.327],[0,0],[0,0]],"v":[[19.924,-5.589],[19.87,12.229],[-18.652,-8.696],[-19.923,-12.229],[19.846,-5.856]],"c":true}]}],"ix":2},"nm":"Path 1","mn":"ADBE Vector Shape - Group","hd":false},{"ty":"fl","c":{"a":0,"k":[0,0,0,1],"ix":4},"o":{"a":0,"k":100,"ix":5},"r":1,"bm":0,"nm":"Fill 1","mn":"ADBE Vector Graphic - Fill","hd":false},{"ty":"tr","p":{"a":0,"k":[403.591,181.53],"ix":2},"a":{"a":0,"k":[0,0],"ix":1},"s":{"a":0,"k":[100,100],"ix":3},"r":{"a":0,"k":0,"ix":6},"o":{"a":0,"k":100,"ix":7},"sk":{"a":0,"k":0,"ix":4},"sa":{"a":0,"k":0,"ix":5},"nm":"Transform"}],"nm":"Group 2","np":2,"cix":2,"bm":0,"ix":2,"mn":"ADBE Vector Group","hd":false},{"ty":"gr","it":[{"ind":0,"ty":"sh","ix":1,"ks":{"a":0,"k":{"i":[[0,0],[0,0],[0,0],[0,0],[16.822,0.436],[0,0],[0,0],[0,0]],"o":[[0,0],[0,0],[0,0],[0,0],[-22.547,-0.676],[0,0],[0,0],[0,0]],"v":[[23.298,-15.763],[23.334,-14.741],[23.31,4.559],[23.351,19.69],[7.905,22.715],[-22.308,12.219],[-24.728,-23.151],[-17.856,-22.075]],"c":true},"ix":2},"nm":"Path 1","mn":"ADBE Vector Shape - Group","hd":false},{"ty":"fl","c":{"a":0,"k":[0.964999988032,0.630999995213,0.588000009574,1],"ix":4},"o":{"a":0,"k":100,"ix":5},"r":1,"bm":0,"nm":"Fill 1","mn":"ADBE Vector Graphic - Fill","hd":false},{"ty":"tr","p":{"a":0,"k":[400.144,189.646],"ix":2},"a":{"a":0,"k":[0,0],"ix":1},"s":{"a":0,"k":[100,100],"ix":3},"r":{"a":0,"k":0,"ix":6},"o":{"a":0,"k":100,"ix":7},"sk":{"a":0,"k":0,"ix":4},"sa":{"a":0,"k":0,"ix":5},"nm":"Transform"}],"nm":"Group 3","np":2,"cix":2,"bm":0,"ix":3,"mn":"ADBE Vector Group","hd":false}],"ip":0,"op":90.0000036657751,"st":0,"ct":1,"bm":0},{"ddd":0,"ind":6,"ty":4,"nm":"girl body","sr":1,"ks":{"o":{"a":0,"k":100,"ix":11},"r":{"a":0,"k":0,"ix":10},"p":{"a":0,"k":[256,256,0],"ix":2,"l":2},"a":{"a":0,"k":[256,256,0],"ix":1,"l":2},"s":{"a":0,"k":[100,100,100],"ix":6,"l":2}},"ao":0,"shapes":[{"ty":"gr","it":[{"ind":0,"ty":"sh","ix":1,"ks":{"a":0,"k":{"i":[[-5.895,-3.191],[0,-16.294],[8.071,-20.124],[24.253,0],[9.236,1.653],[6.984,2.29],[-2.891,23.84],[0,0],[-2.328,2.441],[-5.782,1.765],[0,0],[-13.253,0.225],[-0.526,0],[-14.529,-4.318],[0,0]],"o":[[4.204,14.942],[0,23.015],[-20.649,9.574],[-9.762,0],[-7.359,-1.276],[1.803,-34.428],[0,0],[1.839,-15.243],[2.103,-2.252],[0,0],[8.598,-2.553],[0.487,-0.038],[14.304,-0.187],[0,0],[6.609,1.989]],"v":[[58.793,-56.653],[65.213,-9.649],[52.711,55.451],[-15.205,70.356],[-43.738,67.84],[-65.213,62.472],[-58.192,-31.274],[-58.192,-31.311],[-51.96,-59.507],[-39.908,-65.588],[-39.871,-65.588],[-6.119,-70.131],[-4.58,-70.169],[39.908,-64.349],[39.945,-64.349]],"c":true},"ix":2},"nm":"Path 1","mn":"ADBE Vector Shape - Group","hd":false},{"ty":"fl","c":{"a":0,"k":[0.169000004787,0.709999952129,0.477999997606,1],"ix":4},"o":{"a":0,"k":100,"ix":5},"r":1,"bm":0,"nm":"Fill 1","mn":"ADBE Vector Graphic - Fill","hd":false},{"ty":"tr","p":{"a":0,"k":[365.832,265.673],"ix":2},"a":{"a":0,"k":[0,0],"ix":1},"s":{"a":0,"k":[100,100],"ix":3},"r":{"a":0,"k":0,"ix":6},"o":{"a":0,"k":100,"ix":7},"sk":{"a":0,"k":0,"ix":4},"sa":{"a":0,"k":0,"ix":5},"nm":"Transform"}],"nm":"Group 1","np":2,"cix":2,"bm":0,"ix":1,"mn":"ADBE Vector Group","hd":false},{"ty":"gr","it":[{"ind":0,"ty":"sh","ix":1,"ks":{"a":0,"k":{"i":[[0,-20.91],[6.957,2.296],[16.487,14.608],[-10.4,13.182],[0,0],[0,0],[0,-19.748]],"o":[[-7.339,-1.287],[-21.426,-6.886],[8.348,-17.461],[20.974,-26.539],[0,0],[4.169,19.304],[-0.001,19.829]],"v":[[39.426,63.687],[17.964,58.294],[-39.425,25.531],[-10.07,-20.799],[31.217,-63.686],[33.121,-54.87],[39.395,3.884]],"c":true},"ix":2},"nm":"Path 1","mn":"ADBE Vector Shape - Group","hd":false},{"ty":"fl","c":{"a":0,"k":[0.169000004787,0.709999952129,0.477999997606,1],"ix":4},"o":{"a":0,"k":100,"ix":5},"r":1,"bm":0,"nm":"Fill 1","mn":"ADBE Vector Graphic - Fill","hd":false},{"ty":"tr","p":{"a":0,"k":[282.666,269.834],"ix":2},"a":{"a":0,"k":[0,0],"ix":1},"s":{"a":0,"k":[100,100],"ix":3},"r":{"a":0,"k":0,"ix":6},"o":{"a":0,"k":100,"ix":7},"sk":{"a":0,"k":0,"ix":4},"sa":{"a":0,"k":0,"ix":5},"nm":"Transform"}],"nm":"Group 2","np":2,"cix":2,"bm":0,"ix":2,"mn":"ADBE Vector Group","hd":false}],"ip":0,"op":90.0000036657751,"st":0,"ct":1,"bm":0},{"ddd":0,"ind":7,"ty":4,"nm":"girl' hair","parent":4,"sr":1,"ks":{"o":{"a":0,"k":100,"ix":11},"r":{"a":0,"k":0,"ix":10},"p":{"a":0,"k":[256,256,0],"ix":2,"l":2},"a":{"a":0,"k":[256,256,0],"ix":1,"l":2},"s":{"a":0,"k":[100,100,100],"ix":6,"l":2}},"ao":0,"shapes":[{"ty":"gr","it":[{"ind":0,"ty":"sh","ix":1,"ks":{"a":1,"k":[{"i":{"x":0.833,"y":0.833},"o":{"x":0.167,"y":0.167},"t":35,"s":[{"i":[[30.906,27.371],[1.821,10.434],[34.776,-16.211],[-7.84,-18.911],[0,0]],"o":[[0,0],[-1.822,-10.434],[-34.775,16.211],[20.19,48.697],[0,0]],"v":[[37.525,2.715],[49.042,-48.972],[-31.319,-56.664],[-60.591,24.179],[1.564,50.465]],"c":true}]},{"i":{"x":0.833,"y":0.833},"o":{"x":0.167,"y":0.167},"t":41,"s":[{"i":[[30.906,27.371],[15.272,21.541],[34.776,-16.211],[-7.84,-18.911],[0,0]],"o":[[0,0],[-7.121,-16.821],[-34.775,16.211],[20.19,48.697],[0,0]],"v":[[37.525,2.715],[38.626,-44.389],[-40.152,-56.081],[-60.591,24.179],[1.564,50.465]],"c":true}]},{"i":{"x":0.833,"y":0.833},"o":{"x":0.167,"y":0.167},"t":62,"s":[{"i":[[30.906,27.371],[15.272,21.541],[34.776,-16.211],[-7.84,-18.911],[0,0]],"o":[[0,0],[-7.121,-16.821],[-34.775,16.211],[20.19,48.697],[0,0]],"v":[[37.525,2.715],[38.626,-44.389],[-40.152,-56.081],[-60.591,24.179],[1.564,50.465]],"c":true}]},{"t":67.0000027289659,"s":[{"i":[[30.906,27.371],[1.821,10.434],[34.776,-16.211],[-7.84,-18.911],[0,0]],"o":[[0,0],[-1.822,-10.434],[-34.775,16.211],[20.19,48.697],[0,0]],"v":[[37.525,2.715],[49.042,-48.972],[-31.319,-56.664],[-60.591,24.179],[1.564,50.465]],"c":true}]}],"ix":2,"x":"var $bm_rt;\n$bm_rt = content('Group 1').content('Path 1').path;"},"nm":"Path 1","mn":"ADBE Vector Shape - Group","hd":false},{"ty":"fl","c":{"a":0,"k":[0.894000004787,0.388000009574,0.270999983245,1],"ix":4},"o":{"a":0,"k":100,"ix":5},"r":1,"bm":0,"nm":"Fill 1","mn":"ADBE Vector Graphic - Fill","hd":false},{"ty":"tr","p":{"a":0,"k":[391.995,117.21],"ix":2},"a":{"a":0,"k":[0,0],"ix":1},"s":{"a":0,"k":[100,100],"ix":3},"r":{"a":0,"k":0,"ix":6},"o":{"a":0,"k":100,"ix":7},"sk":{"a":0,"k":0,"ix":4},"sa":{"a":0,"k":0,"ix":5},"nm":"Transform"}],"nm":"Group 1","np":2,"cix":2,"bm":0,"ix":1,"mn":"ADBE Vector Group","hd":false},{"ty":"gr","it":[{"ind":0,"ty":"sh","ix":1,"ks":{"a":1,"k":[{"i":{"x":0.833,"y":0.833},"o":{"x":0.167,"y":0.167},"t":35,"s":[{"i":[[10.196,58.8],[36.934,-20.51],[0,0],[-13.533,-36.071],[-26.719,40.681],[0,0]],"o":[[0,0],[-36.935,20.51],[0,0],[13.532,36.071],[26.72,-40.682],[0,0]],"v":[[52.136,-77.727],[-16.023,-78.38],[-41.378,-19.818],[-56.803,52.562],[43.616,58.21],[27.912,-18.74]],"c":true}]},{"i":{"x":0.833,"y":0.833},"o":{"x":0.167,"y":0.167},"t":41,"s":[{"i":[[10.196,58.8],[36.934,-20.51],[0,0],[-13.533,-36.071],[-26.719,40.681],[0,0]],"o":[[0,0],[-36.935,20.51],[0,0],[13.532,36.071],[26.72,-40.682],[0,0]],"v":[[52.136,-77.727],[-4.523,-77.38],[-30.378,-16.818],[-38.303,58.562],[43.616,58.21],[27.912,-18.74]],"c":true}]},{"i":{"x":0.833,"y":0.833},"o":{"x":0.167,"y":0.167},"t":62,"s":[{"i":[[10.196,58.8],[36.934,-20.51],[0,0],[-13.533,-36.071],[-26.719,40.681],[0,0]],"o":[[0,0],[-36.935,20.51],[0,0],[13.532,36.071],[26.72,-40.682],[0,0]],"v":[[52.136,-77.727],[-4.523,-77.38],[-30.378,-16.818],[-38.303,58.562],[43.616,58.21],[27.912,-18.74]],"c":true}]},{"t":67.0000027289659,"s":[{"i":[[10.196,58.8],[36.934,-20.51],[0,0],[-13.533,-36.071],[-26.719,40.681],[0,0]],"o":[[0,0],[-36.935,20.51],[0,0],[13.532,36.071],[26.72,-40.682],[0,0]],"v":[[52.136,-77.727],[-16.023,-78.38],[-41.378,-19.818],[-56.803,52.562],[43.616,58.21],[27.912,-18.74]],"c":true}]}],"ix":2},"nm":"Path 1","mn":"ADBE Vector Shape - Group","hd":false},{"ty":"fl","c":{"a":0,"k":[0.894000004787,0.388000009574,0.270999983245,1],"ix":4},"o":{"a":0,"k":100,"ix":5},"r":1,"bm":0,"nm":"Fill 1","mn":"ADBE Vector Graphic - Fill","hd":false},{"ty":"tr","p":{"a":0,"k":[342.388,182.573],"ix":2},"a":{"a":0,"k":[0,0],"ix":1},"s":{"a":0,"k":[100,100],"ix":3},"r":{"a":0,"k":0,"ix":6},"o":{"a":0,"k":100,"ix":7},"sk":{"a":0,"k":0,"ix":4},"sa":{"a":0,"k":0,"ix":5},"nm":"Transform"}],"nm":"Group 2","np":2,"cix":2,"bm":0,"ix":2,"mn":"ADBE Vector Group","hd":false}],"ip":0,"op":90.0000036657751,"st":0,"ct":1,"bm":0},{"ddd":0,"ind":8,"ty":4,"nm":"boy head","sr":1,"ks":{"o":{"a":0,"k":100,"ix":11},"r":{"a":1,"k":[{"i":{"x":[0.833],"y":[1]},"o":{"x":[0.167],"y":[0]},"t":0,"s":[0]},{"i":{"x":[0.833],"y":[1]},"o":{"x":[0.167],"y":[0]},"t":1,"s":[0]},{"i":{"x":[0.833],"y":[1]},"o":{"x":[0.167],"y":[0]},"t":2,"s":[0]},{"i":{"x":[0.833],"y":[1]},"o":{"x":[0.167],"y":[0]},"t":3,"s":[0]},{"i":{"x":[0.833],"y":[1]},"o":{"x":[0.167],"y":[0]},"t":4,"s":[0]},{"i":{"x":[0.833],"y":[1]},"o":{"x":[0.167],"y":[0]},"t":5,"s":[0]},{"i":{"x":[0.833],"y":[1]},"o":{"x":[0.167],"y":[0]},"t":6,"s":[0]},{"i":{"x":[0.833],"y":[1]},"o":{"x":[0.167],"y":[0]},"t":7,"s":[0]},{"i":{"x":[0.833],"y":[1]},"o":{"x":[0.167],"y":[0]},"t":8,"s":[0]},{"i":{"x":[0.833],"y":[1]},"o":{"x":[0.167],"y":[0]},"t":9,"s":[0]},{"i":{"x":[0.833],"y":[1]},"o":{"x":[0.167],"y":[0]},"t":10,"s":[0]},{"i":{"x":[0.833],"y":[1]},"o":{"x":[0.167],"y":[0]},"t":11,"s":[0]},{"i":{"x":[0.833],"y":[1]},"o":{"x":[0.167],"y":[0]},"t":12,"s":[0]},{"i":{"x":[0.833],"y":[0.926]},"o":{"x":[0.167],"y":[0]},"t":13,"s":[0]},{"i":{"x":[0.833],"y":[0.833]},"o":{"x":[0.167],"y":[0.083]},"t":14,"s":[0]},{"i":{"x":[0.833],"y":[0.833]},"o":{"x":[0.167],"y":[0.167]},"t":15,"s":[0.887]},{"i":{"x":[0.833],"y":[0.833]},"o":{"x":[0.167],"y":[0.167]},"t":16,"s":[1.774]},{"i":{"x":[0.833],"y":[0.833]},"o":{"x":[0.167],"y":[0.167]},"t":17,"s":[2.66]},{"i":{"x":[0.833],"y":[0.833]},"o":{"x":[0.167],"y":[0.167]},"t":18,"s":[3.547]},{"i":{"x":[0.833],"y":[0.831]},"o":{"x":[0.167],"y":[0.167]},"t":19,"s":[4.434]},{"i":{"x":[0.833],"y":[0.871]},"o":{"x":[0.167],"y":[0.164]},"t":20,"s":[5.321]},{"i":{"x":[0.833],"y":[0.897]},"o":{"x":[0.167],"y":[0.236]},"t":21,"s":[6.236]},{"i":{"x":[0.833],"y":[1.043]},"o":{"x":[0.167],"y":[0.439]},"t":22,"s":[6.736]},{"i":{"x":[0.833],"y":[0.748]},"o":{"x":[0.167],"y":[0.028]},"t":23,"s":[6.853]},{"i":{"x":[0.833],"y":[0.817]},"o":{"x":[0.167],"y":[0.125]},"t":24,"s":[6.676]},{"i":{"x":[0.833],"y":[0.838]},"o":{"x":[0.167],"y":[0.153]},"t":25,"s":[6.319]},{"i":{"x":[0.833],"y":[0.851]},"o":{"x":[0.167],"y":[0.172]},"t":26,"s":[5.893]},{"i":{"x":[0.833],"y":[0.864]},"o":{"x":[0.167],"y":[0.189]},"t":27,"s":[5.49]},{"i":{"x":[0.833],"y":[0.882]},"o":{"x":[0.167],"y":[0.214]},"t":28,"s":[5.173]},{"i":{"x":[0.833],"y":[0.929]},"o":{"x":[0.167],"y":[0.281]},"t":29,"s":[4.971]},{"i":{"x":[0.833],"y":[0.398]},"o":{"x":[0.167],"y":[-0.461]},"t":30,"s":[4.886]},{"i":{"x":[0.833],"y":[0.797]},"o":{"x":[0.167],"y":[0.097]},"t":31,"s":[4.899]},{"i":{"x":[0.833],"y":[0.83]},"o":{"x":[0.167],"y":[0.142]},"t":32,"s":[4.98]},{"i":{"x":[0.833],"y":[0.845]},"o":{"x":[0.167],"y":[0.163]},"t":33,"s":[5.096]},{"i":{"x":[0.833],"y":[0.857]},"o":{"x":[0.167],"y":[0.18]},"t":34,"s":[5.217]},{"i":{"x":[0.833],"y":[0.871]},"o":{"x":[0.167],"y":[0.2]},"t":35,"s":[5.322]},{"i":{"x":[0.833],"y":[0.898]},"o":{"x":[0.167],"y":[0.237]},"t":36,"s":[5.397]},{"i":{"x":[0.833],"y":[1.051]},"o":{"x":[0.167],"y":[0.451]},"t":37,"s":[5.437]},{"i":{"x":[0.833],"y":[0.751]},"o":{"x":[0.167],"y":[0.032]},"t":38,"s":[5.446]},{"i":{"x":[0.833],"y":[0.818]},"o":{"x":[0.167],"y":[0.125]},"t":39,"s":[5.431]},{"i":{"x":[0.833],"y":[0.806]},"o":{"x":[0.167],"y":[0.154]},"t":40,"s":[5.402]},{"i":{"x":[0.833],"y":[-0.675]},"o":{"x":[0.167],"y":[0.146]},"t":41,"s":[5.367]},{"i":{"x":[0.833],"y":[0.833]},"o":{"x":[0.167],"y":[0.088]},"t":42,"s":[5.321]},{"i":{"x":[0.833],"y":[0.833]},"o":{"x":[0.167],"y":[0.167]},"t":43,"s":[4.434]},{"i":{"x":[0.833],"y":[0.833]},"o":{"x":[0.167],"y":[0.167]},"t":44,"s":[3.547]},{"i":{"x":[0.833],"y":[0.833]},"o":{"x":[0.167],"y":[0.167]},"t":45,"s":[2.66]},{"i":{"x":[0.833],"y":[0.833]},"o":{"x":[0.167],"y":[0.167]},"t":46,"s":[1.774]},{"i":{"x":[0.833],"y":[0.831]},"o":{"x":[0.167],"y":[0.167]},"t":47,"s":[0.887]},{"i":{"x":[0.833],"y":[0.871]},"o":{"x":[0.167],"y":[0.164]},"t":48,"s":[0]},{"i":{"x":[0.833],"y":[0.897]},"o":{"x":[0.167],"y":[0.236]},"t":49,"s":[-0.916]},{"i":{"x":[0.833],"y":[1.043]},"o":{"x":[0.167],"y":[0.439]},"t":50,"s":[-1.416]},{"i":{"x":[0.833],"y":[0.748]},"o":{"x":[0.167],"y":[0.028]},"t":51,"s":[-1.533]},{"i":{"x":[0.833],"y":[0.817]},"o":{"x":[0.167],"y":[0.125]},"t":52,"s":[-1.356]},{"i":{"x":[0.833],"y":[0.838]},"o":{"x":[0.167],"y":[0.153]},"t":53,"s":[-0.998]},{"i":{"x":[0.833],"y":[0.851]},"o":{"x":[0.167],"y":[0.172]},"t":54,"s":[-0.572]},{"i":{"x":[0.833],"y":[0.864]},"o":{"x":[0.167],"y":[0.189]},"t":55,"s":[-0.169]},{"i":{"x":[0.833],"y":[0.882]},"o":{"x":[0.167],"y":[0.214]},"t":56,"s":[0.148]},{"i":{"x":[0.833],"y":[0.929]},"o":{"x":[0.167],"y":[0.281]},"t":57,"s":[0.35]},{"i":{"x":[0.833],"y":[0.398]},"o":{"x":[0.167],"y":[-0.461]},"t":58,"s":[0.435]},{"i":{"x":[0.833],"y":[0.797]},"o":{"x":[0.167],"y":[0.097]},"t":59,"s":[0.422]},{"i":{"x":[0.833],"y":[0.83]},"o":{"x":[0.167],"y":[0.142]},"t":60,"s":[0.341]},{"i":{"x":[0.833],"y":[0.845]},"o":{"x":[0.167],"y":[0.163]},"t":61,"s":[0.225]},{"i":{"x":[0.833],"y":[0.857]},"o":{"x":[0.167],"y":[0.18]},"t":62,"s":[0.103]},{"i":{"x":[0.833],"y":[0.871]},"o":{"x":[0.167],"y":[0.2]},"t":63,"s":[-0.001]},{"i":{"x":[0.833],"y":[0.898]},"o":{"x":[0.167],"y":[0.237]},"t":64,"s":[-0.076]},{"i":{"x":[0.833],"y":[1.051]},"o":{"x":[0.167],"y":[0.451]},"t":65,"s":[-0.117]},{"i":{"x":[0.833],"y":[0.751]},"o":{"x":[0.167],"y":[0.032]},"t":66,"s":[-0.126]},{"i":{"x":[0.833],"y":[0.818]},"o":{"x":[0.167],"y":[0.125]},"t":67,"s":[-0.111]},{"i":{"x":[0.833],"y":[0.838]},"o":{"x":[0.167],"y":[0.154]},"t":68,"s":[-0.081]},{"i":{"x":[0.833],"y":[0.851]},"o":{"x":[0.167],"y":[0.172]},"t":69,"s":[-0.046]},{"i":{"x":[0.833],"y":[0.864]},"o":{"x":[0.167],"y":[0.189]},"t":70,"s":[-0.013]},{"i":{"x":[0.833],"y":[0.882]},"o":{"x":[0.167],"y":[0.215]},"t":71,"s":[0.012]},{"i":{"x":[0.833],"y":[0.931]},"o":{"x":[0.167],"y":[0.283]},"t":72,"s":[0.029]},{"i":{"x":[0.833],"y":[0.439]},"o":{"x":[0.167],"y":[-0.404]},"t":73,"s":[0.036]},{"i":{"x":[0.833],"y":[0.798]},"o":{"x":[0.167],"y":[0.098]},"t":74,"s":[0.035]},{"i":{"x":[0.833],"y":[0.83]},"o":{"x":[0.167],"y":[0.142]},"t":75,"s":[0.028]},{"i":{"x":[0.833],"y":[0.845]},"o":{"x":[0.167],"y":[0.163]},"t":76,"s":[0.018]},{"i":{"x":[0.833],"y":[0.857]},"o":{"x":[0.167],"y":[0.18]},"t":77,"s":[0.008]},{"i":{"x":[0.833],"y":[0.872]},"o":{"x":[0.167],"y":[0.2]},"t":78,"s":[0]},{"i":{"x":[0.833],"y":[0.898]},"o":{"x":[0.167],"y":[0.238]},"t":79,"s":[-0.006]},{"i":{"x":[0.833],"y":[1.06]},"o":{"x":[0.167],"y":[0.464]},"t":80,"s":[-0.01]},{"i":{"x":[0.833],"y":[0.753]},"o":{"x":[0.167],"y":[0.035]},"t":81,"s":[-0.01]},{"i":{"x":[0.833],"y":[0.818]},"o":{"x":[0.167],"y":[0.126]},"t":82,"s":[-0.009]},{"i":{"x":[0.833],"y":[0.838]},"o":{"x":[0.167],"y":[0.154]},"t":83,"s":[-0.007]},{"i":{"x":[0.833],"y":[0.851]},"o":{"x":[0.167],"y":[0.172]},"t":84,"s":[-0.004]},{"i":{"x":[0.833],"y":[0.864]},"o":{"x":[0.167],"y":[0.19]},"t":85,"s":[-0.001]},{"i":{"x":[0.833],"y":[0.882]},"o":{"x":[0.167],"y":[0.215]},"t":86,"s":[0.001]},{"i":{"x":[0.833],"y":[0.932]},"o":{"x":[0.167],"y":[0.285]},"t":87,"s":[0.002]},{"i":{"x":[0.833],"y":[0.833]},"o":{"x":[0.167],"y":[-0.356]},"t":88,"s":[0.003]},{"t":89.0000036250443,"s":[0.003]}],"ix":10},"p":{"a":0,"k":[111,209,0],"ix":2,"l":2},"a":{"a":0,"k":[111,209,0],"ix":1,"l":2},"s":{"a":0,"k":[100,100,100],"ix":6,"l":2}},"ao":0,"shapes":[{"ty":"gr","it":[{"ind":0,"ty":"sh","ix":1,"ks":{"a":1,"k":[{"i":{"x":0.833,"y":0.833},"o":{"x":0.167,"y":0.167},"t":14,"s":[{"i":[[0,0],[-47.277,-21.889],[0,0],[21.155,-0.259],[0,0]],"o":[[0,0],[16.297,7.545],[0,0],[-8.12,0.099],[0,0]],"v":[[-48.071,-19.46],[17.557,3.1],[48.071,19.46],[-27.506,-3.138],[-40.887,0.001]],"c":true}]},{"i":{"x":0.833,"y":0.833},"o":{"x":0.167,"y":0.167},"t":20,"s":[{"i":[[0,0],[-47.277,-21.889],[0,0],[21.155,-0.259],[0,0]],"o":[[0,0],[16.297,7.545],[0,0],[-8.12,0.099],[0,0]],"v":[[-34.317,-22.749],[31.311,-0.19],[69.589,26.746],[-27.506,-3.138],[-40.887,0.001]],"c":true}]},{"i":{"x":0.833,"y":0.833},"o":{"x":0.167,"y":0.167},"t":42,"s":[{"i":[[0,0],[-47.277,-21.889],[0,0],[21.155,-0.259],[0,0]],"o":[[0,0],[16.297,7.545],[0,0],[-8.12,0.099],[0,0]],"v":[[-34.317,-22.749],[31.311,-0.19],[69.589,26.746],[-27.506,-3.138],[-40.887,0.001]],"c":true}]},{"t":48.0000019550801,"s":[{"i":[[0,0],[-47.277,-21.889],[0,0],[21.155,-0.259],[0,0]],"o":[[0,0],[16.297,7.545],[0,0],[-8.12,0.099],[0,0]],"v":[[-48.071,-19.46],[17.557,3.1],[48.071,19.46],[-27.506,-3.138],[-40.887,0.001]],"c":true}]}],"ix":2},"nm":"Path 1","mn":"ADBE Vector Shape - Group","hd":false},{"ty":"fl","c":{"a":0,"k":[0.365000017952,0.372999991623,0.663000009574,1],"ix":4},"o":{"a":0,"k":100,"ix":5},"r":1,"bm":0,"nm":"Fill 1","mn":"ADBE Vector Graphic - Fill","hd":false},{"ty":"tr","p":{"a":0,"k":[106.859,108.129],"ix":2},"a":{"a":0,"k":[0,0],"ix":1},"s":{"a":0,"k":[100,100],"ix":3},"r":{"a":0,"k":0,"ix":6},"o":{"a":0,"k":100,"ix":7},"sk":{"a":0,"k":0,"ix":4},"sa":{"a":0,"k":0,"ix":5},"nm":"Transform"}],"nm":"Group 1","np":2,"cix":2,"bm":0,"ix":1,"mn":"ADBE Vector Group","hd":false},{"ty":"gr","it":[{"ind":0,"ty":"sh","ix":1,"ks":{"a":1,"k":[{"i":{"x":0.833,"y":0.833},"o":{"x":0.167,"y":0.167},"t":14,"s":[{"i":[[0,0],[-52.415,-8.991],[0,0],[0,0]],"o":[[0,0],[52.415,8.991],[0,0],[0,0]],"v":[[-59.807,-0.289],[7.393,-33.319],[42.275,42.31],[18.383,34.552]],"c":true}]},{"t":48.0000019550801,"s":[{"i":[[0,0],[-52.415,-8.991],[0,0],[0,0]],"o":[[0,0],[52.415,8.991],[0,0],[0,0]],"v":[[-59.807,-0.289],[7.393,-33.319],[42.275,42.31],[18.383,34.552]],"c":true}]}],"ix":2},"nm":"Path 1","mn":"ADBE Vector Shape - Group","hd":false},{"ty":"fl","c":{"a":0,"k":[0.455000005984,0.442999985639,0.702000038297,1],"ix":4},"o":{"a":0,"k":100,"ix":5},"r":1,"bm":0,"nm":"Fill 1","mn":"ADBE Vector Graphic - Fill","hd":false},{"ty":"tr","p":{"a":0,"k":[133.843,91.923],"ix":2},"a":{"a":0,"k":[0,0],"ix":1},"s":{"a":0,"k":[100,100],"ix":3},"r":{"a":0,"k":0,"ix":6},"o":{"a":0,"k":100,"ix":7},"sk":{"a":0,"k":0,"ix":4},"sa":{"a":0,"k":0,"ix":5},"nm":"Transform"}],"nm":"Group 2","np":2,"cix":2,"bm":0,"ix":2,"mn":"ADBE Vector Group","hd":false},{"ty":"gr","it":[{"ind":0,"ty":"sh","ix":1,"ks":{"a":1,"k":[{"i":{"x":0.833,"y":0.833},"o":{"x":0.167,"y":0.167},"t":14,"s":[{"i":[[0,0],[-10.438,-0.021],[0,0],[-14.108,-9.463],[0,0],[0,0],[0,0],[0,0],[0,0],[0,0]],"o":[[0,0],[10.437,0.021],[0,0],[14.11,9.462],[0,0],[0,0],[0,0],[0,0],[0,0],[0,0]],"v":[[-41.25,-6.146],[-27.717,-10.301],[-11.251,-2.875],[3.732,25.508],[23.237,31.07],[33.564,27.493],[41.249,12.518],[11.754,-19.84],[-23.691,-34.97],[-41.25,-15.445]],"c":true}]},{"i":{"x":0.833,"y":0.833},"o":{"x":0.167,"y":0.167},"t":20,"s":[{"i":[[0,0],[-10.438,-0.021],[0,0],[-14.108,-9.463],[0,0],[0,0],[0,0],[0,0],[0,0],[0,0]],"o":[[0,0],[10.437,0.021],[0,0],[14.11,9.462],[0,0],[0,0],[0,0],[0,0],[0,0],[0,0]],"v":[[-41.25,-6.146],[-27.717,-10.301],[9.92,0.677],[11.727,27.776],[30.167,32.684],[33.564,27.493],[41.249,12.518],[11.754,-19.84],[-23.691,-34.97],[-41.25,-15.445]],"c":true}]},{"i":{"x":0.833,"y":0.833},"o":{"x":0.167,"y":0.167},"t":42,"s":[{"i":[[0,0],[-10.438,-0.021],[0,0],[-14.108,-9.463],[0,0],[0,0],[0,0],[0,0],[0,0],[0,0]],"o":[[0,0],[10.437,0.021],[0,0],[14.11,9.462],[0,0],[0,0],[0,0],[0,0],[0,0],[0,0]],"v":[[-41.25,-6.146],[-27.717,-10.301],[9.92,0.677],[11.727,27.776],[30.167,32.684],[33.564,27.493],[41.249,12.518],[11.754,-19.84],[-23.691,-34.97],[-41.25,-15.445]],"c":true}]},{"t":48.0000019550801,"s":[{"i":[[0,0],[-10.438,-0.021],[0,0],[-14.108,-9.463],[0,0],[0,0],[0,0],[0,0],[0,0],[0,0]],"o":[[0,0],[10.437,0.021],[0,0],[14.11,9.462],[0,0],[0,0],[0,0],[0,0],[0,0],[0,0]],"v":[[-41.25,-6.146],[-27.717,-10.301],[-11.251,-2.875],[3.732,25.508],[23.237,31.07],[33.564,27.493],[41.249,12.518],[11.754,-19.84],[-23.691,-34.97],[-41.25,-15.445]],"c":true}]}],"ix":2},"nm":"Path 1","mn":"ADBE Vector Shape - Group","hd":false},{"ty":"fl","c":{"a":0,"k":[0,0,0,1],"ix":4},"o":{"a":0,"k":100,"ix":5},"r":1,"bm":0,"nm":"Fill 1","mn":"ADBE Vector Graphic - Fill","hd":false},{"ty":"tr","p":{"a":0,"k":[116.637,109.309],"ix":2},"a":{"a":0,"k":[0,0],"ix":1},"s":{"a":0,"k":[100,100],"ix":3},"r":{"a":0,"k":0,"ix":6},"o":{"a":0,"k":100,"ix":7},"sk":{"a":0,"k":0,"ix":4},"sa":{"a":0,"k":0,"ix":5},"nm":"Transform"}],"nm":"Group 3","np":2,"cix":2,"bm":0,"ix":3,"mn":"ADBE Vector Group","hd":false},{"ty":"gr","it":[{"ind":0,"ty":"sh","ix":1,"ks":{"a":1,"k":[{"i":{"x":0.833,"y":0.833},"o":{"x":0.167,"y":0.167},"t":14,"s":[{"i":[[35.447,-47.135],[-8.397,-29.221],[-15.922,5.765],[0,0],[-9.88,13.928],[8.536,3.592],[0,0],[0,0]],"o":[[0,0],[8.397,29.222],[15.922,-5.765],[0,0],[9.879,-13.929],[-8.536,-3.592],[0,0],[0,0]],"v":[[-36.238,-31.785],[-50.265,49.698],[0.697,68.371],[23.961,52.77],[48.782,43.798],[43.88,10.398],[25.262,13.02],[33.095,-2.177]],"c":true}]},{"i":{"x":0.833,"y":0.833},"o":{"x":0.167,"y":0.167},"t":20,"s":[{"i":[[35.447,-47.135],[-8.397,-29.221],[-15.477,3.743],[0,0],[-8.012,15.08],[8.963,2.33],[0,0],[0,0]],"o":[[0,0],[8.397,29.222],[16.459,-3.98],[0,0],[7.55,-14.211],[-7.082,-1.841],[0,0],[0,0]],"v":[[-36.238,-31.785],[-45.465,50.004],[4.367,70.038],[29.258,53.03],[43.572,41.772],[41.617,10.358],[31.694,14.681],[33.095,-2.177]],"c":true}]},{"i":{"x":0.833,"y":0.833},"o":{"x":0.167,"y":0.167},"t":42,"s":[{"i":[[35.447,-47.135],[-8.397,-29.221],[-15.477,3.743],[0,0],[-8.012,15.08],[8.963,2.33],[0,0],[0,0]],"o":[[0,0],[8.397,29.222],[16.459,-3.98],[0,0],[7.55,-14.211],[-7.082,-1.841],[0,0],[0,0]],"v":[[-36.238,-31.785],[-45.465,50.004],[4.367,70.038],[29.258,53.03],[43.572,41.772],[41.617,10.358],[31.694,14.681],[33.095,-2.177]],"c":true}]},{"t":48.0000019550801,"s":[{"i":[[35.447,-47.135],[-8.397,-29.221],[-15.922,5.765],[0,0],[-9.88,13.928],[8.536,3.592],[0,0],[0,0]],"o":[[0,0],[8.397,29.222],[15.922,-5.765],[0,0],[9.879,-13.929],[-8.536,-3.592],[0,0],[0,0]],"v":[[-36.238,-31.785],[-50.265,49.698],[0.697,68.371],[23.961,52.77],[48.782,43.798],[43.88,10.398],[25.262,13.02],[33.095,-2.177]],"c":true}]}],"ix":2},"nm":"Path 1","mn":"ADBE Vector Shape - Group","hd":false},{"ty":"fl","c":{"a":0,"k":[0.961000031116,0.569000004787,0.505999995213,1],"ix":4},"o":{"a":0,"k":100,"ix":5},"r":1,"bm":0,"nm":"Fill 1","mn":"ADBE Vector Graphic - Fill","hd":false},{"ty":"tr","p":{"a":0,"k":[114.873,127.608],"ix":2},"a":{"a":0,"k":[0,0],"ix":1},"s":{"a":0,"k":[100,100],"ix":3},"r":{"a":0,"k":0,"ix":6},"o":{"a":0,"k":100,"ix":7},"sk":{"a":0,"k":0,"ix":4},"sa":{"a":0,"k":0,"ix":5},"nm":"Transform"}],"nm":"Group 4","np":2,"cix":2,"bm":0,"ix":4,"mn":"ADBE Vector Group","hd":false},{"ty":"gr","it":[{"ind":0,"ty":"sh","ix":1,"ks":{"a":1,"k":[{"i":{"x":0.833,"y":0.833},"o":{"x":0.167,"y":0.167},"t":14,"s":[{"i":[[0,0],[5.844,16.634],[0,0]],"o":[[0,0],[-5.844,-16.634],[0,0]],"v":[[13.851,22.928],[-31.18,-6.294],[37.025,2.248]],"c":true}]},{"i":{"x":0.833,"y":0.833},"o":{"x":0.167,"y":0.167},"t":20,"s":[{"i":[[0,0],[0.445,17.625],[0,0]],"o":[[0,0],[-0.47,-18.621],[0,0]],"v":[[13.85,22.928],[-15.724,-7.482],[58.183,0.278]],"c":true}]},{"i":{"x":0.833,"y":0.833},"o":{"x":0.167,"y":0.167},"t":42,"s":[{"i":[[0,0],[0.445,17.625],[0,0]],"o":[[0,0],[-0.47,-18.621],[0,0]],"v":[[13.85,22.928],[-15.724,-7.482],[58.183,0.278]],"c":true}]},{"t":48.0000019550801,"s":[{"i":[[0,0],[5.844,16.634],[0,0]],"o":[[0,0],[-5.844,-16.634],[0,0]],"v":[[13.851,22.928],[-31.18,-6.294],[37.025,2.248]],"c":true}]}],"ix":2},"nm":"Path 1","mn":"ADBE Vector Shape - Group","hd":false},{"ty":"fl","c":{"a":0,"k":[0.365000017952,0.372999991623,0.663000009574,1],"ix":4},"o":{"a":0,"k":100,"ix":5},"r":1,"bm":0,"nm":"Fill 1","mn":"ADBE Vector Graphic - Fill","hd":false},{"ty":"tr","p":{"a":0,"k":[70.627,99.515],"ix":2},"a":{"a":0,"k":[0,0],"ix":1},"s":{"a":0,"k":[100,100],"ix":3},"r":{"a":0,"k":0,"ix":6},"o":{"a":0,"k":100,"ix":7},"sk":{"a":0,"k":0,"ix":4},"sa":{"a":0,"k":0,"ix":5},"nm":"Transform"}],"nm":"Group 5","np":2,"cix":2,"bm":0,"ix":5,"mn":"ADBE Vector Group","hd":false},{"ty":"gr","it":[{"ind":0,"ty":"sh","ix":1,"ks":{"a":1,"k":[{"i":{"x":0.833,"y":0.833},"o":{"x":0.167,"y":0.167},"t":14,"s":[{"i":[[0,0],[12.007,-1.225],[0,0],[0,0]],"o":[[0,0],[-12.008,1.225],[0,0],[0,0]],"v":[[21.579,-6.526],[8.092,21.371],[-21.58,7.423],[-13.303,-22.596]],"c":true}]},{"t":48.0000019550801,"s":[{"i":[[0,0],[12.007,-1.225],[0,0],[0,0]],"o":[[0,0],[-12.008,1.225],[0,0],[0,0]],"v":[[21.579,-6.526],[8.092,21.371],[-21.58,7.423],[-13.303,-22.596]],"c":true}]}],"ix":2},"nm":"Path 1","mn":"ADBE Vector Shape - Group","hd":false},{"ty":"fl","c":{"a":0,"k":[0,0,0,1],"ix":4},"o":{"a":0,"k":100,"ix":5},"r":1,"bm":0,"nm":"Fill 1","mn":"ADBE Vector Graphic - Fill","hd":false},{"ty":"tr","p":{"a":0,"k":[154.538,136.556],"ix":2},"a":{"a":0,"k":[0,0],"ix":1},"s":{"a":0,"k":[100,100],"ix":3},"r":{"a":0,"k":0,"ix":6},"o":{"a":0,"k":100,"ix":7},"sk":{"a":0,"k":0,"ix":4},"sa":{"a":0,"k":0,"ix":5},"nm":"Transform"}],"nm":"Group 6","np":2,"cix":2,"bm":0,"ix":6,"mn":"ADBE Vector Group","hd":false},{"ty":"gr","it":[{"ind":0,"ty":"sh","ix":1,"ks":{"a":1,"k":[{"i":{"x":0.833,"y":0.833},"o":{"x":0.167,"y":0.167},"t":14,"s":[{"i":[[0,0],[-9.441,-4.047],[5.395,1.348]],"o":[[0,0],[9.442,4.046],[-5.394,-1.349]],"v":[[-7.891,0.899],[-0.001,-4.945],[-0.001,7.644]],"c":true}]},{"i":{"x":0.833,"y":0.833},"o":{"x":0.167,"y":0.167},"t":20,"s":[{"i":[[0,0],[-9.441,-4.047],[5.395,1.348]],"o":[[0,0],[9.442,4.046],[-5.394,-1.349]],"v":[[-14.821,-0.715],[-5.825,-8.168],[-4.192,5.774]],"c":true}]},{"i":{"x":0.833,"y":0.833},"o":{"x":0.167,"y":0.167},"t":42,"s":[{"i":[[0,0],[-9.441,-4.047],[5.395,1.348]],"o":[[0,0],[9.442,4.046],[-5.394,-1.349]],"v":[[-14.821,-0.715],[-5.825,-8.168],[-4.192,5.774]],"c":true}]},{"t":48.0000019550801,"s":[{"i":[[0,0],[-9.441,-4.047],[5.395,1.348]],"o":[[0,0],[9.442,4.046],[-5.394,-1.349]],"v":[[-7.891,0.899],[-0.001,-4.945],[-0.001,7.644]],"c":true}]}],"ix":2},"nm":"Path 1","mn":"ADBE Vector Shape - Group","hd":false},{"ty":"fl","c":{"a":0,"k":[0.455000005984,0.442999985639,0.702000038297,1],"ix":4},"o":{"a":0,"k":100,"ix":5},"r":1,"bm":0,"nm":"Fill 1","mn":"ADBE Vector Graphic - Fill","hd":false},{"ty":"tr","p":{"a":0,"k":[165.778,66.695],"ix":2},"a":{"a":0,"k":[0,0],"ix":1},"s":{"a":0,"k":[100,100],"ix":3},"r":{"a":0,"k":0,"ix":6},"o":{"a":0,"k":100,"ix":7},"sk":{"a":0,"k":0,"ix":4},"sa":{"a":0,"k":0,"ix":5},"nm":"Transform"}],"nm":"Group 7","np":2,"cix":2,"bm":0,"ix":7,"mn":"ADBE Vector Group","hd":false}],"ip":0,"op":90.0000036657751,"st":0,"ct":1,"bm":0},{"ddd":0,"ind":9,"ty":4,"nm":"boy neck","sr":1,"ks":{"o":{"a":0,"k":100,"ix":11},"r":{"a":0,"k":0,"ix":10},"p":{"a":0,"k":[256,256,0],"ix":2,"l":2},"a":{"a":0,"k":[256,256,0],"ix":1,"l":2},"s":{"a":0,"k":[100,100,100],"ix":6,"l":2}},"ao":0,"shapes":[{"ty":"gr","it":[{"ind":0,"ty":"sh","ix":1,"ks":{"a":0,"k":{"i":[[11.692,0],[0.59,0.143],[-0.238,1.008],[-1.016,-0.235],[-23.937,17.727],[-0.612,-0.829],[0.833,-0.616]],"o":[[-9.316,0],[-1.009,-0.242],[0.238,-1.008],[0.311,0.073],[0.836,-0.616],[0.62,0.836],[-14.122,10.46]],"v":[[-12.401,7.301],[-28.848,5.647],[-30.238,3.385],[-27.975,1.996],[27.232,-8.556],[29.857,-8.167],[29.467,-5.542]],"c":true},"ix":2},"nm":"Path 1","mn":"ADBE Vector Shape - Group","hd":false},{"ty":"fl","c":{"a":0,"k":[1,1,1,1],"ix":4},"o":{"a":0,"k":100,"ix":5},"r":1,"bm":0,"nm":"Fill 1","mn":"ADBE Vector Graphic - Fill","hd":false},{"ty":"tr","p":{"a":0,"k":[109.847,229.796],"ix":2},"a":{"a":0,"k":[0,0],"ix":1},"s":{"a":0,"k":[100,100],"ix":3},"r":{"a":0,"k":0,"ix":6},"o":{"a":0,"k":100,"ix":7},"sk":{"a":0,"k":0,"ix":4},"sa":{"a":0,"k":0,"ix":5},"nm":"Transform"}],"nm":"Group 1","np":2,"cix":2,"bm":0,"ix":1,"mn":"ADBE Vector Group","hd":false},{"ty":"gr","it":[{"ind":0,"ty":"sh","ix":1,"ks":{"a":1,"k":[{"i":{"x":0.833,"y":0.833},"o":{"x":0.167,"y":0.167},"t":14,"s":[{"i":[[0,0],[0.69,-1.54],[10.539,-0.849],[0,0]],"o":[[-0.116,1.141],[-9.547,20.816],[0,0],[0,0]],"v":[[23.486,-14.985],[22.234,-10.959],[-23.487,14.985],[-20.796,-5.656]],"c":true}]},{"i":{"x":0.833,"y":0.833},"o":{"x":0.167,"y":0.167},"t":20,"s":[{"i":[[0,0],[0.69,-1.54],[21.834,14.336],[0,0]],"o":[[-0.116,1.141],[0.113,28.28],[0,0],[0,0]],"v":[[23.486,-14.985],[22.234,-10.959],[-21.987,5.985],[-20.796,-5.656]],"c":true}]},{"i":{"x":0.833,"y":0.833},"o":{"x":0.167,"y":0.167},"t":42,"s":[{"i":[[0,0],[0.69,-1.54],[21.834,14.336],[0,0]],"o":[[-0.116,1.141],[0.113,28.28],[0,0],[0,0]],"v":[[23.486,-14.985],[22.234,-10.959],[-21.987,5.985],[-20.796,-5.656]],"c":true}]},{"t":48.0000019550801,"s":[{"i":[[0,0],[0.69,-1.54],[10.539,-0.849],[0,0]],"o":[[-0.116,1.141],[-9.547,20.816],[0,0],[0,0]],"v":[[23.486,-14.985],[22.234,-10.959],[-23.487,14.985],[-20.796,-5.656]],"c":true}]}],"ix":2},"nm":"Path 1","mn":"ADBE Vector Shape - Group","hd":false},{"ty":"fl","c":{"a":0,"k":[0,0,0,1],"ix":4},"o":{"a":0,"k":100,"ix":5},"r":1,"bm":0,"nm":"Fill 1","mn":"ADBE Vector Graphic - Fill","hd":false},{"ty":"tr","p":{"a":0,"k":[107.652,196.679],"ix":2},"a":{"a":0,"k":[0,0],"ix":1},"s":{"a":0,"k":[100,100],"ix":3},"r":{"a":0,"k":0,"ix":6},"o":{"a":0,"k":100,"ix":7},"sk":{"a":0,"k":0,"ix":4},"sa":{"a":0,"k":0,"ix":5},"nm":"Transform"}],"nm":"Group 2","np":2,"cix":2,"bm":0,"ix":2,"mn":"ADBE Vector Group","hd":false},{"ty":"gr","it":[{"ind":0,"ty":"sh","ix":1,"ks":{"a":0,"k":{"i":[[0,0],[0,0],[24.494,-1.772],[0,0],[0,0],[0,0],[0,0]],"o":[[0,0],[0,0],[-18.246,1.32],[0,0],[0,0],[0,0],[0,0]],"v":[[29.9,-28.728],[26.861,13.676],[-5.285,27.408],[-29.9,24.548],[-27.17,3.382],[-24.479,-17.26],[19.803,-26.589]],"c":true},"ix":2},"nm":"Path 1","mn":"ADBE Vector Shape - Group","hd":false},{"ty":"fl","c":{"a":0,"k":[0.961000031116,0.569000004787,0.505999995213,1],"ix":4},"o":{"a":0,"k":100,"ix":5},"r":1,"bm":0,"nm":"Fill 1","mn":"ADBE Vector Graphic - Fill","hd":false},{"ty":"tr","p":{"a":0,"k":[111.336,208.283],"ix":2},"a":{"a":0,"k":[0,0],"ix":1},"s":{"a":0,"k":[100,100],"ix":3},"r":{"a":0,"k":0,"ix":6},"o":{"a":0,"k":100,"ix":7},"sk":{"a":0,"k":0,"ix":4},"sa":{"a":0,"k":0,"ix":5},"nm":"Transform"}],"nm":"Group 3","np":2,"cix":2,"bm":0,"ix":3,"mn":"ADBE Vector Group","hd":false}],"ip":0,"op":90.0000036657751,"st":0,"ct":1,"bm":0},{"ddd":0,"ind":10,"ty":4,"nm":"boy body","sr":1,"ks":{"o":{"a":0,"k":100,"ix":11},"r":{"a":0,"k":0,"ix":10},"p":{"a":0,"k":[256,256,0],"ix":2,"l":2},"a":{"a":0,"k":[256,256,0],"ix":1,"l":2},"s":{"a":0,"k":[100,100,100],"ix":6,"l":2}},"ao":0,"shapes":[{"ty":"gr","it":[{"ind":0,"ty":"sh","ix":1,"ks":{"a":0,"k":{"i":[[-10.174,-25.718],[13.59,-8.785],[4.355,-2.365],[26.58,-2.515],[4.43,5.256],[5.669,10.437],[0.301,29.584],[-3.416,14.041],[-29.884,-5.894],[-7.659,-13.628]],"o":[[-10.85,11.863],[-4.13,2.703],[-22.338,12.24],[-5.068,-4.655],[-7.659,-9.011],[-13.29,-24.328],[0.151,-15.055],[34.39,-1.952],[12.765,2.516],[10.662,18.997]],"v":[[89.447,24.197],[52.693,55.395],[40.003,63.016],[-33.882,85.73],[-48.111,70.788],[-68.159,41.579],[-89.447,-40.115],[-84.003,-83.778],[21.381,-74.73],[53.256,-49.463]],"c":true},"ix":2},"nm":"Path 1","mn":"ADBE Vector Shape - Group","hd":false},{"ty":"fl","c":{"a":0,"k":[0.948999980852,0.447000002394,0.313999998803,1],"ix":4},"o":{"a":0,"k":100,"ix":5},"r":1,"bm":0,"nm":"Fill 1","mn":"ADBE Vector Graphic - Fill","hd":false},{"ty":"tr","p":{"a":0,"k":[170.438,298.203],"ix":2},"a":{"a":0,"k":[0,0],"ix":1},"s":{"a":0,"k":[100,100],"ix":3},"r":{"a":0,"k":0,"ix":6},"o":{"a":0,"k":100,"ix":7},"sk":{"a":0,"k":0,"ix":4},"sa":{"a":0,"k":0,"ix":5},"nm":"Transform"}],"nm":"Group 1","np":2,"cix":2,"bm":0,"ix":1,"mn":"ADBE Vector Group","hd":false}],"ip":0,"op":90.0000036657751,"st":0,"ct":1,"bm":0},{"ddd":0,"ind":11,"ty":4,"nm":"Layer 26 Outlines","sr":1,"ks":{"o":{"a":0,"k":100,"ix":11},"r":{"a":0,"k":0,"ix":10},"p":{"a":0,"k":[256,256,0],"ix":2,"l":2},"a":{"a":0,"k":[256,256,0],"ix":1,"l":2},"s":{"a":0,"k":[100,100,100],"ix":6,"l":2}},"ao":0,"shapes":[{"ty":"gr","it":[{"ind":0,"ty":"sh","ix":1,"ks":{"a":0,"k":{"i":[[0,-16.294],[8.071,-20.123],[0.187,-0.413],[52.221,-14.529],[3.679,-0.751],[12.389,0],[6.045,0.639],[3.867,0.676],[4.956,1.314],[6.344,2.553],[12.427,9.385],[4.43,4.167],[4.43,5.256],[5.669,10.438],[0.301,29.584],[0,0.675],[-3.266,13.365],[-82.332,0],[-4.129,-0.3],[-14.642,-5.218],[-4.054,-1.801],[-4.843,-2.778],[-3.454,-2.29],[-5.294,-4.542],[-8.448,-11.976],[-0.301,-0.451],[-0.863,-1.352],[-3.191,-6.532],[-2.816,-10.325]],"o":[[0,23.014],[-0.188,0.413],[-20.311,49.52],[-3.568,1.014],[-11.677,2.478],[-6.195,0],[-3.942,-0.413],[-5.106,-0.901],[-6.682,-1.764],[-14.68,-5.819],[-4.843,-3.642],[-5.069,-4.656],[-7.659,-9.01],[-13.291,-24.328],[-0.037,-0.676],[0,-14.342],[18.697,-76.588],[4.205,0],[16.106,1.126],[4.205,1.502],[5.106,2.253],[3.604,2.028],[5.856,3.867],[11.112,9.461],[0.337,0.451],[0.939,1.352],[3.943,6.044],[4.618,9.424],[4.204,14.941]],"v":[[175.046,0],[162.543,65.099],[162.017,66.376],[47.098,168.606],[36.21,171.272],[0.018,175.026],[-18.34,174.087],[-30.053,172.436],[-45.109,169.132],[-64.706,162.637],[-105.516,139.661],[-119.444,127.91],[-133.672,112.967],[-153.72,83.759],[-175.008,2.065],[-175.046,0],[-170.052,-41.635],[0.018,-175.026],[12.521,-174.576],[58.811,-164.889],[71.201,-159.935],[86.18,-152.35],[96.805,-145.855],[113.549,-133.203],[143.021,-100.917],[143.996,-99.565],[146.699,-95.509],[157.399,-76.664],[168.625,-47.004]],"c":true},"ix":2},"nm":"Path 1","mn":"ADBE Vector Shape - Group","hd":false},{"ty":"fl","c":{"a":0,"k":[0.980000035903,0.948999980852,0.783999992819,1],"ix":4},"o":{"a":0,"k":100,"ix":5},"r":1,"bm":0,"nm":"Fill 1","mn":"ADBE Vector Graphic - Fill","hd":false},{"ty":"tr","p":{"a":0,"k":[255.999,256.023],"ix":2},"a":{"a":0,"k":[0,0],"ix":1},"s":{"a":0,"k":[100,100],"ix":3},"r":{"a":0,"k":0,"ix":6},"o":{"a":0,"k":100,"ix":7},"sk":{"a":0,"k":0,"ix":4},"sa":{"a":0,"k":0,"ix":5},"nm":"Transform"}],"nm":"Group 1","np":2,"cix":2,"bm":0,"ix":1,"mn":"ADBE Vector Group","hd":false}],"ip":0,"op":90.0000036657751,"st":0,"ct":1,"bm":0}],"markers":[]}